34.969403,[Cl]- {Cl}
42.9989532,[C2F]- {C(F)=C}
46.9938682,[CFO]- {FC(=O)}
49.9973564,[CF2]- {C(F)(F)}
51.024,[C4H3]-_Glucuronic_Acid {OC1OC(C(O)C(O)C1O)C(O)=O}
53.0397,[C4H5]-_Glucuronic_Acid {OC1OC(C(O)C(O)C1O)C(O)=O}
55.0189,[C3H3O]-_Glucuronic_Acid {OC1OC(C(O)C(O)C1O)C(O)=O}
57.0346,[C3H5O]-_Glucuronic_Acid {OC1OC(C(O)C(O)C1O)C(O)=O}
57.9882712,[C2H2S]- {CCS}
58.00605,[CH2CO2]-_AceticAcid {CC(=O)O}
58.9938682,[C2FO]- {OC(=O)CF}
58.9938682,[C2FO]- {OC(F)=C}
58.9960958,[C2H3S]- {CCS}
59.0139,[C2H3O2]-_Glucuronic_Acid {OC1OC(C(O)C(O)C1O)C(O)=O}
60.0039204,[C2H4S]- {CCS}
62.964143,[PO2]- {OP(=O)(O)}
62.9887832,[CO2F]- {C(=O)O}
63.962452,[SO2]- {S(=O)(=O)}
64.9702766,[SO2H]- {S(=O)(=O)N}
67.0189,[C4H3O]-_Glucuronic_Acid {OC1OC(C(O)C(O)C1O)C(O)=O}
68.0067778,[C4HF]- {FC(=CC#C)}
68.9957596,[CF3]- {C(F)(F)}
69.0346,[C4H5O]-_Glucuronic_Acid {OC1OC(C(O)C(O)C1O)C(O)=O}
70.006,[C3H2O2]-_Glucuronic_Acid {OC1OC(C(O)C(O)C1O)C(O)=O}
71.0139,[C3H3O2]-_Glucuronic_Acid {OC1OC(C(O)C(O)C1O)C(O)=O}
72.9931,[C2HO3]-_Glucuronic_Acid {OC1OC(C(O)C(O)C1O)C(O)=O}
73.0295,[C3H5O2]-_Glucuronic_Acid {OC1OC(C(O)C(O)C1O)C(O)=O}
75.0088,[C2H3O3]-_Glucuronic_Acid {OC1OC(C(O)C(O)C1O)C(O)=O}
77.965526,[NO2S]- {S(=O)(=O)N}
78.918886,[Br]- {Br}
78.959058,[PO3]- {OP(=O)(O)}
78.9733506,[HNO2S]- {S(=O)(=O)N}
79.000096,[C2HF2O]- {O\C(F)=C/F}
79.957367,[SO3]- {S(=O)(=O)O}
80.9651916,[SO3H]- {S(=O)(=O)O}
80.9957596,[C2F3]- {C(F)(F)CF}
81.0346,[C5H5O]-_Glucuronic_Acid {OC1OC(C(O)C(O)C1O)C(O)=O}
81.9625462,[PO2F]- {OP(=O)(O)}
82.9608552,[SO2F]- {S(=O)(=O)}
82.9960958,[C4H3S]- {C(F)(F)CCSC}
83.0139,[C4H3O2]-_Glucuronic_Acid {OC1OC(C(O)C(O)C1O)C(O)=O}
84.0217,[C4H4O2]-_Glucuronic_Acid {OC1OC(C(O)C(O)C1O)C(O)=O}
84.9906746,[CF3O]- {OC(F)(F)}
85.0295,[C4H5O2]-_Glucuronic_Acid {OC1OC(C(O)C(O)C1O)C(O)=O}
85.9973564,[C4F2]- {FC(C#C)=C(F)}
87.0088,[C3H3O3]-_Glucuronic_Acid {OC1OC(C(O)C(O)C1O)C(O)=O}
88.9866744,[C3H2SF]- {C(F)(F)CCS}
89.0244,[C3H5O3]-_Glucuronic_Acid {OC1OC(C(O)C(O)C1O)C(O)=O}
89.965526,[CNSO2]- {S(=O)(=O)NC}
90.9859258,[C2H3SO2]- {SCC(=O)O}
91.9811752,[CH2NO2S]- {S(=O)(=O)NC}
92.9804466,[C5HS]- {C(F)(F)C(F)(F)CCSC}
92.9889998,[CH3NO2S]- {S(=O)(=O)NC}
92.9957596,[C3F3]- {C(F)(F)C(F)=C}
92.9957596,[C3F3]- {F\C=C(\F)C(F)}
92.9957596,[C3F3]- {OS(=O)(=O)C(F)C(\F)=C(/F)}
93.9730162,[CH2SO3]- {CS(=O)(=O)O}
94.9808408,[CH3SO3]- {C(S(=O)(=O)O)}
95.0139,[C5H3O2]-_Glucuronic_Acid {OC1OC(C(O)C(O)C1O)C(O)=O}
96.9601066,[SO4H]- {OS(=O)(=O)O}
96.9696222,[PO4H2]- {OP(=O)(O)}
96.9906746,[C2F3O]- {C(F)(F)C(=O)O; C(F)(F)=C(F)O}
96.9906746,[C2F3O]- {FC(=O)C(F)(F)}
97.0295,[C5H5O2]-_Glucuronic_Acid {OC1OC(C(O)C(O)C1O)C(O)=O}
97.9973564,[C5F2]- {FC(C#C)=C=C(F)}
98.9557702,[SO3F]- {S(=O)(=O)O}
99.0088,[C4H3O3]-_Glucuronic_Acid {OC1OC(C(O)C(O)C1O)C(O)=O}
100.9609494,[PO2F2]- {OP(=O)(O)}
101.0244,[C4H5O3]-_Glucuronic_Acid {OC1OC(C(O)C(O)C1O)C(O)=O}
103.0037,[C3H3O4]-_Glucuronic_Acid {OC1OC(C(O)C(O)C1O)C(O)=O}
103.0401,[C4H7O3]-_Glucuronic_Acid {OC1OC(C(O)C(O)C1O)C(O)=O}
104.9957596,[C4F3]- {F\C=C(\F)C(F)=C}
105.001575,[C3H5SO2]- {SCCC(=O)O}
105.9730162,[C2H2SO3]- {CCS(=O)(=O)O}
108.9906746,[C3F3O]- {OC(=O)C(F)(F)CF}
108.9906746,[C3F3O]- {OC(F)(F)C(F)=C}
108.9929022,[C3H3SF2]- {C(F)(F)CCS}
110.9557702,[CFSO3]- {C(F)(F)S(=O)(=O)O}
111.987403,[CH3FNSO2]- {[CH2]N[S](=O)=O}
111.987403,[CH3FNO2S]- {S(=O)(=O)NC}
112.9855896,[C2F3O2]- {O=C(=O)C(F)(F)F}
112.9866744,[C5H2FS]- {C(F)(F)C(F)(F)CCSC}
113.0244,[C5H5O3]-_Glucuronic_Acid {OC1OC(C(O)C(O)C1O)C(O)=O}
113.994499,[C5H3FS]- {FC(=C=CC=CS)}
114.9859258,[C4H3SO2]- {CCSCC(=O)O}
115.0037,[C4H3O4]-_Glucuronic_Acid {OC1OC(C(O)C(O)C1O)C(O)=O}
115.9937504,[C4H4SO2]- {CCSCC(=O)O}
116.0115,[C4H4O4]-_Glucuronic_Acid {OC1OC(C(O)C(O)C1O)C(O)=O}
116.9969,[C2HF4O]- {FC(F)(F)C(F)O}
117.001575,[C4H5SO2]- {CCSCC(=O)O}
117.0193,[C4H5O4]-_Glucuronic_Acid {OC1OC(C(O)C(O)C1O)C(O)=O}
118.0093996,[C4H6SO2]- {CCSCC(=O)O}
118.992566,[C2F5]- {C(F)(F)C(F)(F)}
119.004649,[C3H5NO2S]- {S(=O)(=O)N(C)CCC}
120.0124736,[C3H6NO2S]- {S(=O)(=O)NCCC}
120.9906746,[C4F3O]- {OC(=O)\C(F)=C(/F)CF}
121.9917394,[C2H4NO3S]- {S(=O)(=O)NCCO}
122.9710252,[C6FS]- {C(F)(F)C(F)(F)C(F)(F)CCSC}
122.9757558,[C2H3SO4]- {[H]C(F)(F)CS(O)(=O)=O}
122.9757558,[C2H3SO4]- {CC(S(=O)(=O)O)O}
126.0030522,[C2H5FNO2S]- {S(=O)(=O)NCC}
126.905027,[I]- {I}
126.964638,[SF5]- {S(F)(F)(F)(F)F}
126.9859258,[C5H3SO2]- {C(F)(F)CCSCC(=O)O}
128.9969024,[C3HF4O]- {OC(F)(F)\C(F)=C/F}
128.99913,[C3H4SF3]- {C(F)(F)CCS}
129.0193,[C5H5O4]-_Glucuronic_Acid {OC1OC(C(O)C(O)C1O)C(O)=O}
129.9541734,[CF2SO3]- {C(F)(F)S(=O)(=O)O}
130.961998,[CHF2SO3]- {C(F)(F)S(=O)(=O)O}
130.992566,[C3F5]- {C(F)(F)C(F)(F)C(F)(F)}
130.992566,[C3F5]- {F\C=C(\F)C(F)(F)F}
131.035,[C5H7O4]-_Glucuronic_Acid {OC1OC(C(O)C(O)C1O)C(O)=O}
132.0250488,[C5H8O2S]- {CCSCCC(=O)O}
132.9576616,[CF3SO2]- {S(=O)(=O)C(F)(F)}
132.9929022,[C5H3F2S]- {C(F)(F)C(F)(F)CCSC}
133.0142,[C4H5O5]-_Glucuronic_Acid {OC1OC(C(O)C(O)C1O)C(O)=O}
134.987481,[C2F5O]- {OC(F)(F)C(F)(F)}
135.0121392,[C4H7O3S]- {C(CS(=O)(=O)O)(C)C}
135.9710052,[C2H2NO4S]- {S(=O)(=O)NCC(=O)O}
136.991405,[C3H5O4S]- {S(=O)(=O)CCC(=O)O}
137.0019874,[C5HF4]- {FC(=CC#C)C(F)(F)}
138.9834808,[C4H2SF3]- {C(F)(F)C(F)(F)CCS}
139.0037,[C6H3O4]-_Glucuronic_Acid {OC1OC(C(O)C(O)C1O)C(O)=O}
142.961998,[C2HF2SO3]- {OS(=O)(=O)C(F)CF}
142.977253,[C6HF2S]- {C(F)(F)C(F)(F)C(F)(F)CCSC}
142.9819836,[C2H4FSO4]- {[H]C(F)(F)CS(O)(=O)=O}
142.992566,[C4F5]- {C(F)(F)C(F)(F)C(F)=C}
142.992566,[C4F5]- {F\C=C(\F)C(F)C(F)(F)}
142.992566,[C4F5]- {OS(=O)(=O)C(F)(F)C(F)C(\F)=C(/F)}
143.0125516,[C4H3F4O]- {CO\C(F)=C\C(F)(F)F}
146.987481,[C3F5O]- {OC(F)(F)C(F)(F)C(F)(F)}
146.987481,[C3F5O]- {C(F)(F)C(F)(F)C(=O)O}
146.987481,[C3F5O]- {FC(=O)C(F)(F)C(F)(F)}
146.9921536,[C5H4FSO2]- {C(F)(F)CCSCC(=O)O}
147.9685602,[CHF3NO2S]- {C(F)(F)S(=O)(=O)N}
148.0311968,[C4H8N2O2S]- {S(=O)(=O)NCCCNC}
148.9525766,[CF3SO3]- {C(F)(F)S(=O)(=O)O}
149.0390214,[C4H9N2O2S]- {CC(CCNC)N(C)S(=O)=O}
152.038687,[C4H10O3NS]- {NC(CS(=O)(=O)O)(C)C}
154.992566,[C5F5]- {FC(C#C)=C(F)C(F)(F)}
157.0142,[C6H5O5]-_Glucuronic_Acid {OC1OC(C(O)C(O)C1O)C(O)=O}
158.987481,[C4F5O]- {OC(=O)C(F)(F)C(F)(F)CF}
158.987481,[C4F5O]- {OC(F)(F)C(F)(F)C(F)=C}
158.9897086,[C4H3SF4]- {C(F)(F)C(F)(F)CCS}
160.9525766,[C2F3SO3]- {C(F)(F)C(F)(F)S(=O)(=O)O}
161.9842094,[C2H3F3NO2S]- {C(F)(F)S(=O)(=O)NC}
162.9682258,[C2H2F3SO3]- {C(F)(F)CS(=O)(=O)O}
162.982396,[C3F5O2]- {O=C(=O)C(F)(F)C(F)(F)F}
162.9834808,[C6H2F3S]- {C(F)(F)C(F)(F)C(F)(F)CCSC}
162.9882114,[C2H5F2O4S]- {[H]C(F)(F)CS(O)(=O)=O}
163.0248,[C5H7O6]-_Glucuronic_Acid {OC1OC(C(O)C(O)C1O)C(O)=O}
163.0546706,[C5H11N2O2S]- {S(=O)(=O)NCCCN(C)C}
164.0148788,[C5H8O4S]- {CCS(=O)(=O)CCC(=O)O}
165.0339364,[C4H9O3N2S]- {S(=O)(=O)NCCCN(O)(C)C}
166.0543362,[C5H12NO3S]- {N(CCCS(=O)(=O)O)(C)C}
166.992566,[C6F5]- {FC(C#C)=C=C(F)C(F)(F)}
166.9983814,[C5H5F2SO2]- {C(F)(F)CCSCC(=O)O}
168.9893724,[C3F7]- {C(F)(F)C(F)(F)C(F)(F)}
170.987481,[C5F5O]- {OC(=O)C(F)(F)\C(F)=C(/F)CF}
171.9835804,[C6H4O4S]- {OS(=O)(=O)c1ccc(O)cc1}
172.9678316,[C7F3S]- {C(F)(F)C(F)(F)C(F)(F)C(F)(F)CCSC}
174.9682258,[C3H2F3SO3]- {C(F)(F)CCS(=O)(=O)O}
175.0248,[C6H7O6]-_Glucuronic_Acid {OC1OC(C(O)C(O)C1O)C(O)=O}
176.9827322,[C6H3F2SO2]- {C(F)(F)C(F)(F)CCSCC(=O)O}
178.97731,[C3F5O3]- {FC(F)(OC(F)(F)O)C(F)(F)O}
178.9937088,[C4HF6O]- {OC(F)(F)C(F)(F)\C(F)=C/F}
178.9959364,[C4H4SF5]- {C(F)(F)C(F)(F)CCS}
179.9509798,[C2F4SO3]- {C(F)(F)C(F)(F)S(=O)(=O)O}
180.9588044,[C2HF4SO3]- {C(F)(F)C(F)(F)S(=O)(=O)O}
180.9893724,[C4F7]- {FC(F)C(C(F)F)C(F)(F)F}
180.9893724,[C4F7]- {C(F)(F)C(F)(F)C(F)(F)C(F)(F)}
180.9893724,[C4F7]- {FC(F)C(\F)=C(/F)C(F)(F)F}
182.0492512,[C5H12NO4S]- {N(CC(CS(=O)(=O)O)O)(C)C}
182.954468,[C2F5SO2]- {S(=O)(=O)C(F)(F)C(F)(F)}
182.9897086,[C6H3F4S]- {FC(=C=CC=CS)C(F)(F)}
182.9897086,[C6H3F4S]- {C(F)(F)C(F)(F)C(F)(F)CCSC}
183.0608984,[C5H12FN2O2S]- {S(=O)(=O)NCCCN(C)C}
184.9593,[C3F6Cl]- {FC(F)(F)C(Cl)(F)C(F)(F)O}
184.9725622,[C4H3F2SO4]- {[H]C(F)(F)CC(F)(F)CS(O)(=O)=O}
184.9842874,[C3F7O]- {OC(F)(F)C(F)(F)C(F)(F)}
186.9987938,[C6HF6]- {FC(=CC#C)C(F)(F)C(F)(F)}
187.0046092,[C5H6F3SO2]- {C(F)(F)CCSCC(=O)O}
187.9998586,[C4H5F3NO2S]- {C(F)(F)S(=O)(=O)N(C)CCC}
188.9802872,[C5H2SF5]- {C(F)(F)C(F)(F)C(F)(F)CCS}
189.0076832,[C4H6F3NO2S]- {S(=O)(=O)NCCCC(F)(F)}
192.9588044,[C3HF4SO3]- {OS(=O)(=O)C(F)(F)C(F)CF}
192.9740594,[C7HF4S]- {C(F)(F)C(F)(F)C(F)(F)C(F)(F)CCSC}
192.9893724,[C5F7]- {C(F)(F)C(F)(F)C(F)(F)C(F)=C}
192.9893724,[C5F7]- {F\C=C(\F)C(F)C(F)(F)C(F)(F)}
192.9893724,[C5F7]- {OS(=O)(=O)C(F)(F)C(F)(F)C(F)C(\F)=C(/F)}
193.009358,[C5H3F6O]- {COC(F)(F)\C(F)=C\C(F)(F)F}
193.0354,[C6H9O7]-_Glucuronic_Acid {OC1OC(C(O)C(O)C1O)C(O)=O}
194.0730594,[C6H14N2O3S]- {N(C(CO)CCN(C)C)S(=O)=O}
196.0649004,[C6H14NO4S]- {CC(CO)NCCCS(O)(=O)=O}
196.9842874,[C4F7O]- {OC(F)(F)C(F)(F)C(F)(F)C(F)(F)}
196.9842874,[C4F7O]- {C(F)(F)C(F)(F)C(F)(F)C(=O)O}
196.9842874,[C4F7O]- {FC(=O)C(F)(F)C(F)(F)C(F)(F)}
196.98896,[C6H4F3SO2]- {C(F)(F)C(F)(F)CCSCC(=O)O}
197.9653666,[C2HF5NO2S]- {C(F)(F)C(F)(F)S(=O)(=O)N}
198.949383,[C2F5SO3]- {C(F)(F)C(F)(F)S(=O)(=O)O}
200.9542,[C3F6ClO]- {FC(F)(F)C(Cl)(F)C(F)(F)O}
200.9792024,[C3O2F7]- {F[C](F)OC(F)(F)OC(F)(F)F}
201.0202584,[C6H8O2SF3]- {C(F)(F)CCSCCC(=O)O}
204.97879,[C4H4F3SO4]- {[H]C(F)(F)CC(F)(F)CS(O)(=O)=O}
204.9893724,[C6F7]- {FC(C#C)=C(F)C(F)(F)C(F)(F)}
206.0492512,[C7H12O4NS]- {CCC(=O)NC(CS(=O)(=O)O)(C)C}
206.921455,[F5S2O3]- {S(F)(F)(F)(F)(F)S(=O)(=O)O}
208.9627,[C3H2F4PO4]-_HFPO_reduced_phosphate {FC(O)(COP(=O)(O)O)C(F)(F)F}
208.9842874,[C5F7O]- {OC(=O)C(F)(F)C(F)(F)C(F)(F)CF}
208.9842874,[C5F7O]- {OC(F)(F)C(F)(F)C(F)(F)C(F)=C}
208.986515,[C5H3SF6]- {C(F)(F)C(F)(F)C(F)(F)CCS}
210.949383,[C3F5SO3]- {C(F)(F)C(F)(F)C(F)(F)S(=O)(=O)O}
211.9810158,[C3H3F5NO2S]- {C(F)(F)C(F)(F)S(=O)(=O)NC}
212.9650322,[C3H2F5SO3]- {C(F)(F)C(F)(F)CS(=O)(=O)O}
212.9792024,[C4F7O2]- {O=C(=O)C(F)(F)C(F)(F)C(F)(F)F}
212.9802872,[C7H2F5S]- {C(F)(F)C(F)(F)C(F)(F)C(F)(F)CCSC}
216.9893724,[C7F7]- {FC(C#C)=C=C(F)C(F)(F)C(F)(F)}
216.9951878,[C6H5F4SO2]- {C(F)(F)C(F)(F)CCSCC(=O)O}
217.0264064,[C5H8F3N2O2S]- {C(F)(F)S(=O)(=O)NCCCNC}
218.9861788,[C4F9]- {FC(F)C(C(F)F)C(F)(F)F}
218.9861788,[C4F9]- {C(F)(F)C(F)(F)C(F)(F)C(F)(F)}
220.9842874,[C6F7O]- {OC(=O)C(F)(F)C(F)(F)\C(F)=C(/F)CF}
222.964638,[C8F5S]- {C(F)(F)C(F)(F)C(F)(F)C(F)(F)C(F)(F)CCSC}
223.075799,[C7H15N2O4S]- {S(=O)(=O)NCCCN(CCC(=O)O)(C)C}
224.9650322,[C4H2F5SO3]- {C(F)(F)C(F)(F)CCS(=O)(=O)O}
224.9850178,[C4H5F4O4S]- {[H]C(F)(F)CC(F)(F)CS(O)(=O)=O}
226.9795386,[C7H3F4SO2]- {C(F)(F)C(F)(F)C(F)(F)CCSCC(=O)O}
228.97411,[C4F7O3]- {FC(F)(OC(F)(F)C(O)(F)F)C(F)(F)O}
228.9905152,[C5HF8O]- {OC(F)(F)C(F)(F)C(F)(F)\C(F)=C/F}
228.9927428,[C5H4SF7]- {C(F)(F)C(F)(F)C(F)(F)CCS}
229.9477862,[C3F6SO3]- {C(F)(F)C(F)(F)C(F)(F)S(=O)(=O)O}
230.9556108,[C3HF6SO3]- {C(F)(F)C(F)(F)C(F)(F)S(=O)(=O)O}
230.9861788,[C5F9]- {FC(F)C(C(F)(F)F)C(F)(F)C(F)F}
230.9861788,[C5F9]- {FC(F)C(C(F)F)C(F)(F)C(F)(F)F}
230.9861788,[C5F9]- {C(F)(F)C(F)(F)C(F)(F)C(F)(F)C(F)(F)}
230.9861788,[C5F9]- {FC(F)C(F)(F)C(\F)=C(/F)C(F)(F)F}
232.9512744,[C3F7SO2]- {S(=O)(=O)C(F)(F)C(F)(F)C(F)(F)}
232.986515,[C7H3F6S]- {FC(=C=CC=CS)C(F)(F)C(F)(F)}
232.986515,[C7H3F6S]- {C(F)(F)C(F)(F)C(F)(F)C(F)(F)CCSC}
233.0100884,[C6H8F3O4S]- {C(F)(F)CCS(=O)(=O)CCC(=O)O}
233.0577048,[C6H12F3N2O2S]- {C(F)(F)S(=O)(=O)NCCCN(C)C}
234.029146,[C5H9F3O3N2S]- {C(F)(F)S(=O)(=O)NCCCN(O)(C)C}
234.9810938,[C4F9O]- {OC(F)(F)C(F)(F)C(F)(F)C(F)(F)}
236.9956002,[C7HF8]- {FC(=CC#C)C(F)(F)C(F)(F)C(F)(F)}
237.0014156,[C6H6F5SO2]- {C(F)(F)C(F)(F)CCSCC(=O)O}
237.996665,[C5H5F5NO2S]- {C(F)(F)C(F)(F)S(=O)(=O)N(C)CCC}
238.9770936,[C6H2SF7]- {C(F)(F)C(F)(F)C(F)(F)C(F)(F)CCS}
239.0044896,[C5H6F5NO2S]- {S(=O)(=O)NCCCC(F)(F)C(F)(F)}
241.0084136,[C6H11NO5S2]- {CCCN(CCCS(O)(=O)=O)S(=O)(=O)}
242.9556108,[C4HF6SO3]- {OS(=O)(=O)C(F)(F)C(F)(F)C(F)CF}
242.9708658,[C8HF6S]- {C(F)(F)C(F)(F)C(F)(F)C(F)(F)C(F)(F)CCSC}
242.9861788,[C6F9]- {C(F)(F)C(F)(F)C(F)(F)C(F)(F)C(F)=C}
242.9861788,[C6F9]- {F\C=C(\F)C(F)C(F)(F)C(F)(F)C(F)(F)}
242.9861788,[C6F9]- {OS(=O)(=O)C(F)(F)C(F)(F)C(F)(F)C(F)C(\F)=C(/F)}
243.0061644,[C6H3F8O]- {COC(F)(F)C(F)(F)\C(F)=C\C(F)(F)F}
246.9693686,[C6H3F4SO4]- {[H]C(F)(F)CC(F)(F)CC(F)(F)CS(O)(=O)=O}
246.9810938,[C5F9O]- {C(F)(F)C(F)(F)C(F)(F)C(F)(F)C(=O)O}
246.9810938,[C5F9O]- {FC(=O)C(F)(F)C(F)(F)C(F)(F)C(F)(F)}
246.9857664,[C7H4F5SO2]- {C(F)(F)C(F)(F)C(F)(F)CCSCC(=O)O}
247.962173,[C3HF7NO2S]- {C(F)(F)C(F)(F)C(F)(F)S(=O)(=O)N}
248.9461894,[C3F7SO3]- {C(F)(F)C(F)(F)C(F)(F)S(=O)(=O)O}
251.0170648,[C7H8O2SF5]- {C(F)(F)C(F)(F)CCSCCC(=O)O}
254.9861788,[C7F9]- {FC(C#C)=C(F)C(F)(F)C(F)(F)C(F)(F)}
256.0318874,[C7H14O5NS2]- {S(=O)CCC(=O)NC(CS(=O)(=O)O)(C)C}
256.9182614,[CF7S2O3]- {S(F)(F)(F)(F)(F)C(F)(F)S(=O)(=O)O}
258.9810938,[C6F9O]- {OC(=O)C(F)(F)C(F)(F)C(F)(F)C(F)(F)CF}
258.9810938,[C6F9O]- {OC(F)(F)C(F)(F)C(F)(F)C(F)(F)C(F)=C}
258.9833214,[C6H3SF8]- {C(F)(F)C(F)(F)C(F)(F)C(F)(F)CCS}
260.9461894,[C4F7SO3]- {C(F)(F)C(F)(F)C(F)(F)C(F)(F)S(=O)(=O)O}
261.9778222,[C4H3F7NO2S]- {C(F)(F)C(F)(F)C(F)(F)S(=O)(=O)NC}
262.9618386,[C4H2F7SO3]- {C(F)(F)C(F)(F)C(F)(F)CS(=O)(=O)O}
262.9760088,[C5F9O2]- {O=C(=O)C(F)(F)C(F)(F)C(F)(F)C(F)(F)F}
262.9770936,[C8H2F7S]- {C(F)(F)C(F)(F)C(F)(F)C(F)(F)C(F)(F)CCSC}
263.068269,[C7H14F3N2O3S]- {N(C(CO)CCN(C)C)S(=O)(=O)C(F)(F)}
266.9755964,[C6H4F5SO4]- {[H]C(F)(F)CC(F)(F)CC(F)(F)CS(O)(=O)=O}
266.9861788,[C8F9]- {FC(C#C)=C=C(F)C(F)(F)C(F)(F)C(F)(F)}
266.9919942,[C7H5F6SO2]- {C(F)(F)C(F)(F)C(F)(F)CCSCC(=O)O}
267.0232128,[C6H8F5N2O2S]- {C(F)(F)C(F)(F)S(=O)(=O)NCCCNC}
267.0604462,[C9H17O4NS2]- {CCSCCC(=O)NC(CS(=O)(=O)O)(C)C}
268.9829852,[C5F11]- {FC(F)C(C(F)(F)F)C(F)(F)C(F)F}
268.9829852,[C5F11]- {FC(F)C(C(F)F)C(F)(F)C(F)(F)F}
268.9829852,[C5F11]- {C(F)(F)C(F)(F)C(F)(F)C(F)(F)C(F)(F)}
270.9810938,[C7F9O]- {OC(=O)C(F)(F)C(F)(F)C(F)(F)\C(F)=C(/F)CF}
272.9614444,[C9F7S]- {C(F)(F)C(F)(F)C(F)(F)C(F)(F)C(F)(F)C(F)(F)CCSC}
274.9618386,[C5H2F7SO3]- {C(F)(F)C(F)(F)C(F)(F)CCS(=O)(=O)O}
276.976345,[C8H3F6SO2]- {C(F)(F)C(F)(F)C(F)(F)C(F)(F)CCSCC(=O)O}
278.9873216,[C6HF10O]- {OC(F)(F)C(F)(F)C(F)(F)C(F)(F)\C(F)=C/F}
278.9895492,[C6H4SF9]- {C(F)(F)C(F)(F)C(F)(F)C(F)(F)CCS}
279.9445926,[C4F8SO3]- {C(F)(F)C(F)(F)C(F)(F)C(F)(F)S(=O)(=O)O}
280.9524172,[C4HF8SO3]- {C(F)(F)C(F)(F)C(F)(F)C(F)(F)S(=O)(=O)O}
280.9829852,[C6F11]- {FC(F)C(C(F)(F)F)C(F)(F)C(F)(F)C(F)F}
280.9829852,[C6F11]- {FC(F)C(F)(F)C(C(F)(F)F)C(F)(F)C(F)F}
280.9829852,[C6F11]- {C(F)(F)C(F)(F)C(F)(F)C(F)(F)C(F)(F)C(F)(F)}
280.9829852,[C6F11]- {FC(F)C(F)(F)C(F)(F)C(\F)=C(/F)C(F)(F)F}
282.9480808,[C4F9SO2]- {S(=O)(=O)C(F)(F)C(F)(F)C(F)(F)C(F)(F)}
282.9833214,[C8H3F8S]- {FC(=C=CC=CS)C(F)(F)C(F)(F)C(F)(F)}
282.9833214,[C8H3F8S]- {C(F)(F)C(F)(F)C(F)(F)C(F)(F)C(F)(F)CCSC}
283.0068948,[C7H8F5O4S]- {C(F)(F)C(F)(F)CCS(=O)(=O)CCC(=O)O}
283.0545112,[C7H12F5N2O2S]- {C(F)(F)C(F)(F)S(=O)(=O)NCCCN(C)C}
283.0553612,[C9H17O5NS2]- {CCS(=O)CCC(=O)NC(CS(=O)(=O)O)(C)C}
284.0259524,[C6H9F5O3N2S]- {C(F)(F)C(F)(F)S(=O)(=O)NCCCN(O)(C)C}
284.9779002,[C5F11O]- {OC(F)(F)C(F)(F)C(F)(F)C(F)(F)C(F)(F)}
286.0662598,[C8H18N2O5S2]- {S(=O)(=O)N(CCCS(=O)(=O)O)CCCN(C)C}
286.9818242,[C6H5F6O4S]- {[H]C(F)(F)CC(F)(F)CC(F)(F)CS(O)(=O)=O}
286.9924066,[C8HF10]- {FC(=CC#C)C(F)(F)C(F)(F)C(F)(F)C(F)(F)}
286.998222,[C7H6F7SO2]- {C(F)(F)C(F)(F)C(F)(F)CCSCC(=O)O}
287.9934714,[C6H5F7NO2S]- {C(F)(F)C(F)(F)C(F)(F)S(=O)(=O)N(C)CCC}
288.9739,[C7H2SF9]- {C(F)(F)C(F)(F)C(F)(F)C(F)(F)C(F)(F)CCS}
289.001296,[C6H6F7NO2S]- {S(=O)(=O)NCCCC(F)(F)C(F)(F)C(F)(F)}
292.9524172,[C5HF8SO3]- {OS(=O)(=O)C(F)(F)C(F)(F)C(F)(F)C(F)CF}
292.9676722,[C9HF8S]- {C(F)(F)C(F)(F)C(F)(F)C(F)(F)C(F)(F)C(F)(F)CCSC}
292.9829852,[C7F11]- {C(F)(F)C(F)(F)C(F)(F)C(F)(F)C(F)(F)C(F)=C}
292.9829852,[C7F11]- {F\C=C(\F)C(F)C(F)(F)C(F)(F)C(F)(F)C(F)(F)}
292.9829852,[C7F11]- {OS(=O)(=O)C(F)(F)C(F)(F)C(F)(F)C(F)(F)C(F)C(\F)=C(/F)}
293.0029708,[C7H3F10O]- {COC(F)(F)C(F)(F)C(F)(F)\C(F)=C\C(F)(F)F}
294.96583,[C5F9O4]- {FC(F)(OC(F)(F)O)C(F)(F)OC(F)(F)C(F)(F)O}
296.9779002,[C6F11O]- {C(F)(F)C(F)(F)C(F)(F)C(F)(F)C(F)(F)C(=O)O}
296.9779002,[C6F11O]- {FC(=O)C(F)(F)C(F)(F)C(F)(F)C(F)(F)C(F)(F)}
296.9825728,[C8H4F7SO2]- {C(F)(F)C(F)(F)C(F)(F)C(F)(F)CCSCC(=O)O}
297.9589794,[C4HF9NO2S]- {C(F)(F)C(F)(F)C(F)(F)C(F)(F)S(=O)(=O)N}
298.9429958,[C4F9SO3]- {C(F)(F)C(F)(F)C(F)(F)C(F)(F)S(=O)(=O)O}
301.0138712,[C8H8O2SF7]- {C(F)(F)C(F)(F)C(F)(F)CCSCCC(=O)O}
302.0611748,[C8H18N2O6S2]- {CN(C)CCCN(CC(O)CS(O)(=O)=O)S(=O)(=O)}
304.9829852,[C8F11]- {FC(C#C)=C(F)C(F)(F)C(F)(F)C(F)(F)C(F)(F)}
306.9150678,[C2F9S2O3]- {S(F)(F)(F)(F)(F)C(F)(F)C(F)(F)S(=O)(=O)O}
308.966175,[C8H3F6SO4]- {[H]C(F)(F)CC(F)(F)CC(F)(F)CC(F)(F)CS(O)(=O)=O}
308.9779002,[C7F11O]- {OC(=O)C(F)(F)C(F)(F)C(F)(F)C(F)(F)C(F)(F)CF}
308.9779002,[C7F11O]- {OC(F)(F)C(F)(F)C(F)(F)C(F)(F)C(F)(F)C(F)=C}
308.9801278,[C7H3SF10]- {C(F)(F)C(F)(F)C(F)(F)C(F)(F)C(F)(F)CCS}
310.0036232,[C7H11F3NO5S2]- {CCCN(CCCS(O)(=O)=O)S(=O)(=O)C(F)(F)}
310.9429958,[C5F9SO3]- {C(F)(F)C(F)(F)C(F)(F)C(F)(F)C(F)(F)S(=O)(=O)O}
311.9746286,[C5H3F9NO2S]- {C(F)(F)C(F)(F)C(F)(F)C(F)(F)S(=O)(=O)NC}
312.958645,[C5H2F9SO3]- {C(F)(F)C(F)(F)C(F)(F)C(F)(F)CS(=O)(=O)O}
312.9728152,[C6F11O2]- {O=C(=O)C(F)(F)C(F)(F)C(F)(F)C(F)(F)C(F)(F)F}
312.9739,[C9H2F9S]- {C(F)(F)C(F)(F)C(F)(F)C(F)(F)C(F)(F)C(F)(F)CCSC}
313.0650754,[C8H14F5N2O3S]- {N(C(CO)CCN(C)C)S(=O)(=O)C(F)(F)C(F)(F)}
316.076824,[C9H20N2O6S2]- {CN(C)CCC(CO)N(CCCS(O)(=O)=O)S(=O)(=O)}
316.9829852,[C9F11]- {FC(C#C)=C=C(F)C(F)(F)C(F)(F)C(F)(F)C(F)(F)}
316.9888006,[C8H5F8SO2]- {C(F)(F)C(F)(F)C(F)(F)C(F)(F)CCSCC(=O)O}
317.0200192,[C7H8F7N2O2S]- {C(F)(F)C(F)(F)C(F)(F)S(=O)(=O)NCCCNC}
318.9797916,[C6F13]- {FC(F)C(C(F)(F)F)C(F)(F)C(F)(F)C(F)F}
318.9797916,[C6F13]- {FC(F)C(F)(F)C(C(F)(F)F)C(F)(F)C(F)F}
318.9797916,[C6F13]- {C(F)(F)C(F)(F)C(F)(F)C(F)(F)C(F)(F)C(F)(F)}
320.9779002,[C8F11O]- {OC(=O)C(F)(F)C(F)(F)C(F)(F)C(F)(F)\C(F)=C(/F)CF}
322.9582508,[C10F9S]- {C(F)(F)C(F)(F)C(F)(F)C(F)(F)C(F)(F)C(F)(F)C(F)(F)CCSC}
324.958645,[C6H2F9SO3]- {C(F)(F)C(F)(F)C(F)(F)C(F)(F)CCS(=O)(=O)O}
326.9731514,[C9H3F8SO2]- {C(F)(F)C(F)(F)C(F)(F)C(F)(F)C(F)(F)CCSCC(=O)O}
328.9724028,[C8H4F7SO4]- {[H]C(F)(F)CC(F)(F)CC(F)(F)CC(F)(F)CS(O)(=O)=O}
328.984128,[C7HF12O]- {OC(F)(F)C(F)(F)C(F)(F)C(F)(F)C(F)(F)\C(F)=C/F}
328.9863556,[C7H4SF11]- {C(F)(F)C(F)(F)C(F)(F)C(F)(F)C(F)(F)CCS}
329.941399,[C5F10SO3]- {C(F)(F)C(F)(F)C(F)(F)C(F)(F)C(F)(F)S(=O)(=O)O}
330.9492236,[C5HF10SO3]- {C(F)(F)C(F)(F)C(F)(F)C(F)(F)C(F)(F)S(=O)(=O)O}
330.9797916,[C7F13]- {C(F)(F)C(F)(F)C(F)(F)C(F)(F)C(F)(F)C(F)(F)C(F)(F)}
330.9797916,[C7F13]- {FC(F)C(F)(F)C(F)(F)C(F)(F)C(\F)=C(/F)C(F)(F)F}
332.9448872,[C5F11SO2]- {S(=O)(=O)C(F)(F)C(F)(F)C(F)(F)C(F)(F)C(F)(F)}
332.9801278,[C9H3F10S]- {FC(=C=CC=CS)C(F)(F)C(F)(F)C(F)(F)C(F)(F)}
332.9801278,[C9H3F10S]- {C(F)(F)C(F)(F)C(F)(F)C(F)(F)C(F)(F)C(F)(F)CCSC}
333.0037012,[C8H8F7O4S]- {C(F)(F)C(F)(F)C(F)(F)CCS(=O)(=O)CCC(=O)O}
333.0513176,[C8H12F7N2O2S]- {C(F)(F)C(F)(F)C(F)(F)S(=O)(=O)NCCCN(C)C}
333.9739996,[C10H4F6O4S]- {OS(=O)(=O)c1ccc(O\C(=C/C(F)(F)F)C(F)(F)F)cc1}
334.0227588,[C7H9F7O3N2S]- {C(F)(F)C(F)(F)C(F)(F)S(=O)(=O)NCCCN(O)(C)C}
334.9747066,[C6F13O]- {OC(F)(F)C(F)(F)C(F)(F)C(F)(F)C(F)(F)C(F)(F)}
336.0556558,[C10H17F3O4NS2]- {C(F)(F)CCSCCC(=O)NC(CS(=O)(=O)O)(C)C}
336.989213,[C9HF12]- {FC(=CC#C)C(F)(F)C(F)(F)C(F)(F)C(F)(F)C(F)(F)}
336.9950284,[C8H6F9SO2]- {C(F)(F)C(F)(F)C(F)(F)C(F)(F)CCSCC(=O)O}
337.9902778,[C7H5F9NO2S]- {C(F)(F)C(F)(F)C(F)(F)C(F)(F)S(=O)(=O)N(C)CCC}
338.9707064,[C8H2SF11]- {C(F)(F)C(F)(F)C(F)(F)C(F)(F)C(F)(F)C(F)(F)CCS}
338.9981024,[C7H6F9NO2S]- {S(=O)(=O)NCCCC(F)(F)C(F)(F)C(F)(F)C(F)(F)}
342.9492236,[C6HF10SO3]- {OS(=O)(=O)C(F)(F)C(F)(F)C(F)(F)C(F)(F)C(F)CF}
342.9644786,[C10HF10S]- {C(F)(F)C(F)(F)C(F)(F)C(F)(F)C(F)(F)C(F)(F)C(F)(F)CCSC}
342.9797916,[C8F13]- {C(F)(F)C(F)(F)C(F)(F)C(F)(F)C(F)(F)C(F)(F)C(F)=C}
342.9797916,[C8F13]- {F\C=C(\F)C(F)C(F)(F)C(F)(F)C(F)(F)C(F)(F)C(F)(F)}
342.9797916,[C8F13]- {OS(=O)(=O)C(F)(F)C(F)(F)C(F)(F)C(F)(F)C(F)(F)C(F)C(\F)=C(/F)}
342.9997772,[C8H3F12O]- {COC(F)(F)C(F)(F)C(F)(F)C(F)(F)\C(F)=C\C(F)(F)F}
344.96263,[C6F11O4]- {FC(F)(OC(F)(F)C(F)(F)O)C(F)(F)OC(F)(F)C(F)(F)O}
346.9747066,[C7F13O]- {C(F)(F)C(F)(F)C(F)(F)C(F)(F)C(F)(F)C(F)(F)C(=O)O}
346.9747066,[C7F13O]- {FC(=O)C(F)(F)C(F)(F)C(F)(F)C(F)(F)C(F)(F)C(F)(F)}
346.9793792,[C9H4F9SO2]- {C(F)(F)C(F)(F)C(F)(F)C(F)(F)C(F)(F)CCSCC(=O)O}
347.9557858,[C5HF11NO2S]- {C(F)(F)C(F)(F)C(F)(F)C(F)(F)C(F)(F)S(=O)(=O)N}
348.9398022,[C5F11SO3]- {C(F)(F)C(F)(F)C(F)(F)C(F)(F)C(F)(F)S(=O)(=O)O}
348.9786306,[C8H5F8O4S]- {[H]C(F)(F)CC(F)(F)CC(F)(F)CC(F)(F)CS(O)(=O)=O}
351.0106776,[C9H8O2SF9]- {C(F)(F)C(F)(F)C(F)(F)C(F)(F)CCSCCC(=O)O}
352.0505708,[C10H17F3O5NS2]- {C(F)(F)CCS(=O)CCC(=O)NC(CS(=O)(=O)O)(C)C}
354.9797916,[C9F13]- {FC(C#C)=C(F)C(F)(F)C(F)(F)C(F)(F)C(F)(F)C(F)(F)}
355.0614694,[C9H18F3N2O5S2]- {C(F)(F)S(=O)(=O)N(CCCS(=O)(=O)O)CCCN(C)C}
356.9118742,[C3F11S2O3]- {S(F)(F)(F)(F)(F)C(F)(F)C(F)(F)C(F)(F)S(=O)(=O)O}
358.9747066,[C8F13O]- {OC(=O)C(F)(F)C(F)(F)C(F)(F)C(F)(F)C(F)(F)C(F)(F)CF}
358.9747066,[C8F13O]- {OC(F)(F)C(F)(F)C(F)(F)C(F)(F)C(F)(F)C(F)(F)C(F)=C}
358.9769342,[C8H3SF12]- {C(F)(F)C(F)(F)C(F)(F)C(F)(F)C(F)(F)C(F)(F)CCS}
360.0004296,[C8H11F5NO5S2]- {CCCN(CCCS(O)(=O)=O)S(=O)(=O)C(F)(F)C(F)(F)}
360.9398022,[C6F11SO3]- {C(F)(F)C(F)(F)C(F)(F)C(F)(F)C(F)(F)C(F)(F)S(=O)(=O)O}
361.971435,[C6H3F11NO2S]- {C(F)(F)C(F)(F)C(F)(F)C(F)(F)C(F)(F)S(=O)(=O)NC}
362.9554514,[C6H2F11SO3]- {C(F)(F)C(F)(F)C(F)(F)C(F)(F)C(F)(F)CS(=O)(=O)O}
362.9696216,[C7F13O2]- {O=C(=O)C(F)(F)C(F)(F)C(F)(F)C(F)(F)C(F)(F)C(F)(F)F}
362.9707064,[C10H2F11S]- {C(F)(F)C(F)(F)C(F)(F)C(F)(F)C(F)(F)C(F)(F)C(F)(F)CCSC}
363.0618818,[C9H14F7N2O3S]- {N(C(CO)CCN(C)C)S(=O)(=O)C(F)(F)C(F)(F)C(F)(F)}
364.9724028,[C11H4F7O4S]- {OS(=O)(=O)c1ccc(O\C(=C(\C(F)F)C(F)(F)F)C(F)(F)F)cc1}
366.9797916,[C10F13]- {FC(C#C)=C=C(F)C(F)(F)C(F)(F)C(F)(F)C(F)(F)C(F)(F)}
366.985607,[C9H5F10SO2]- {C(F)(F)C(F)(F)C(F)(F)C(F)(F)C(F)(F)CCSCC(=O)O}
367.0168256,[C8H8F9N2O2S]- {C(F)(F)C(F)(F)C(F)(F)C(F)(F)S(=O)(=O)NCCCNC}
368.976598,[C7F15]- {C(F)(F)C(F)(F)C(F)(F)C(F)(F)C(F)(F)C(F)(F)C(F)(F)}
370.9629814,[C10H3F8SO4]- {[H]C(F)(F)CC(F)(F)CC(F)(F)CC(F)(F)CC(F)(F)CS(O)(=O)=O}
370.9747066,[C9F13O]- {OC(=O)C(F)(F)C(F)(F)C(F)(F)C(F)(F)C(F)(F)\C(F)=C(/F)CF}
371.0563844,[C9H18F3N2O6S2]- {CN(C)CCCN(CC(O)CS(O)(=O)=O)S(=O)(=O)C(F)(F)}
372.9550572,[C11F11S]- {C(F)(F)C(F)(F)C(F)(F)C(F)(F)C(F)(F)C(F)(F)C(F)(F)C(F)(F)CCSC}
374.9554514,[C7H2F11SO3]- {C(F)(F)C(F)(F)C(F)(F)C(F)(F)C(F)(F)CCS(=O)(=O)O}
376.9699578,[C10H3F10SO2]- {C(F)(F)C(F)(F)C(F)(F)C(F)(F)C(F)(F)C(F)(F)CCSCC(=O)O}
378.9809344,[C8HF14O]- {OC(F)(F)C(F)(F)C(F)(F)C(F)(F)C(F)(F)C(F)(F)\C(F)=C/F}
378.983162,[C8H4SF13]- {C(F)(F)C(F)(F)C(F)(F)C(F)(F)C(F)(F)C(F)(F)CCS}
379.9382054,[C6F12SO3]- {C(F)(F)C(F)(F)C(F)(F)C(F)(F)C(F)(F)C(F)(F)S(=O)(=O)O}
380.94603,[C6HF12SO3]- {C(F)(F)C(F)(F)C(F)(F)C(F)(F)C(F)(F)C(F)(F)S(=O)(=O)O}
380.976598,[C8F15]- {C(F)(F)C(F)(F)C(F)(F)C(F)(F)C(F)(F)C(F)(F)C(F)(F)C(F)(F)}
380.976598,[C8F15]- {FC(F)C(F)(F)C(F)(F)C(F)(F)C(F)(F)C(\F)=C(/F)C(F)(F)F}
382.9416936,[C6F13SO2]- {S(=O)(=O)C(F)(F)C(F)(F)C(F)(F)C(F)(F)C(F)(F)C(F)(F)}
382.9769342,[C10H3F12S]- {FC(=C=CC=CS)C(F)(F)C(F)(F)C(F)(F)C(F)(F)C(F)(F)}
382.9769342,[C10H3F12S]- {C(F)(F)C(F)(F)C(F)(F)C(F)(F)C(F)(F)C(F)(F)C(F)(F)CCSC}
383.0005076,[C9H8F9O4S]- {C(F)(F)C(F)(F)C(F)(F)C(F)(F)CCS(=O)(=O)CCC(=O)O}
383.048124,[C9H12F9N2O2S]- {C(F)(F)C(F)(F)C(F)(F)C(F)(F)S(=O)(=O)NCCCN(C)C}
384.0195652,[C8H9F9O3N2S]- {C(F)(F)C(F)(F)C(F)(F)C(F)(F)S(=O)(=O)NCCCN(O)(C)C}
384.971513,[C7F15O]- {OC(F)(F)C(F)(F)C(F)(F)C(F)(F)C(F)(F)C(F)(F)C(F)(F)}
385.0720336,[C10H20F3N2O6S2]- {CN(C)CCC(CO)N(CCCS(O)(=O)=O)S(=O)(=O)C(F)(F)}
386.0524622,[C11H17F5O4NS2]- {C(F)(F)C(F)(F)CCSCCC(=O)NC(CS(=O)(=O)O)(C)C}
386.9860194,[C10HF14]- {FC(=CC#C)C(F)(F)C(F)(F)C(F)(F)C(F)(F)C(F)(F)C(F)(F)}
386.9918348,[C9H6F11SO2]- {C(F)(F)C(F)(F)C(F)(F)C(F)(F)C(F)(F)CCSCC(=O)O}
387.9870842,[C8H5F11NO2S]- {C(F)(F)C(F)(F)C(F)(F)C(F)(F)C(F)(F)S(=O)(=O)N(C)CCC}
388.9675128,[C9H2SF13]- {C(F)(F)C(F)(F)C(F)(F)C(F)(F)C(F)(F)C(F)(F)C(F)(F)CCS}
388.9949088,[C8H6F11NO2S]- {S(=O)(=O)NCCCC(F)(F)C(F)(F)C(F)(F)C(F)(F)C(F)(F)}
390.9692092,[C10H4F9SO4]- {[H]C(F)(F)CC(F)(F)CC(F)(F)CC(F)(F)CC(F)(F)CS(O)(=O)=O}
392.94603,[C7HF12SO3]- {OS(=O)(=O)C(F)(F)C(F)(F)C(F)(F)C(F)(F)C(F)(F)C(F)CF}
392.961285,[C11HF12S]- {C(F)(F)C(F)(F)C(F)(F)C(F)(F)C(F)(F)C(F)(F)C(F)(F)C(F)(F)CCSC}
392.976598,[C9F15]- {C(F)(F)C(F)(F)C(F)(F)C(F)(F)C(F)(F)C(F)(F)C(F)(F)C(F)(F)C(F)(F)}
392.976598,[C9F15]- {C(F)(F)C(F)(F)C(F)(F)C(F)(F)C(F)(F)C(F)(F)C(F)(F)C(F)=C}
392.976598,[C9F15]- {F\C=C(\F)C(F)C(F)(F)C(F)(F)C(F)(F)C(F)(F)C(F)(F)C(F)(F)}
392.976598,[C9F15]- {OS(=O)(=O)C(F)(F)C(F)(F)C(F)(F)C(F)(F)C(F)(F)C(F)(F)C(F)C(\F)=C(/F)}
392.9965836,[C9H3F14O]- {COC(F)(F)C(F)(F)C(F)(F)C(F)(F)C(F)(F)\C(F)=C\C(F)(F)F}
396.971513,[C8F15O]- {C(F)(F)C(F)(F)C(F)(F)C(F)(F)C(F)(F)C(F)(F)C(F)(F)C(=O)O}
396.971513,[C8F15O]- {FC(=O)C(F)(F)C(F)(F)C(F)(F)C(F)(F)C(F)(F)C(F)(F)C(F)(F)}
396.9761856,[C10H4F11SO2]- {C(F)(F)C(F)(F)C(F)(F)C(F)(F)C(F)(F)C(F)(F)CCSCC(=O)O}
397.9525922,[C6HF13NO2S]- {C(F)(F)C(F)(F)C(F)(F)C(F)(F)C(F)(F)C(F)(F)S(=O)(=O)N}
398.9366086,[C6F13SO3]- {C(F)(F)C(F)(F)C(F)(F)C(F)(F)C(F)(F)C(F)(F)S(=O)(=O)O}
401.007484,[C10H8O2SF11]- {C(F)(F)C(F)(F)C(F)(F)C(F)(F)C(F)(F)CCSCCC(=O)O}
402.0473772,[C11H17F5O5NS2]- {C(F)(F)C(F)(F)CCS(=O)CCC(=O)NC(CS(=O)(=O)O)(C)C}
402.9692092,[C11H4F9O4S] {OS(=O)(=O)c1ccc(O\C(=C(\C(F)F)C(F)(F)F)C(F)(F)F)cc1}
404.976598,[C10F15]- {FC(C#C)=C(F)C(F)(F)C(F)(F)C(F)(F)C(F)(F)C(F)(F)C(F)(F)}
405.0582758,[C10H18F5N2O5S2]- {C(F)(F)C(F)(F)S(=O)(=O)N(CCCS(=O)(=O)O)CCCN(C)C}
406.9086806,[C4F13S2O3]- {S(F)(F)(F)(F)(F)C(F)(F)C(F)(F)C(F)(F)C(F)(F)S(=O)(=O)O}
408.971513,[C9F15O]- {OC(=O)C(F)(F)C(F)(F)C(F)(F)C(F)(F)C(F)(F)C(F)(F)C(F)(F)CF}
408.971513,[C9F15O]- {OC(F)(F)C(F)(F)C(F)(F)C(F)(F)C(F)(F)C(F)(F)C(F)(F)C(F)=C}
408.9737406,[C9H3SF14]- {C(F)(F)C(F)(F)C(F)(F)C(F)(F)C(F)(F)C(F)(F)C(F)(F)CCS}
409.997236,[C9H11F7NO5S2]- {CCCN(CCCS(O)(=O)=O)S(=O)(=O)C(F)(F)C(F)(F)C(F)(F)}
410.9366086,[C7F13SO3]- {C(F)(F)C(F)(F)C(F)(F)C(F)(F)C(F)(F)C(F)(F)C(F)(F)S(=O)(=O)O}
410.975437,[C10H5F10O4S]- {[H]C(F)(F)CC(F)(F)CC(F)(F)CC(F)(F)CC(F)(F)CS(O)(=O)=O}
411.9682414,[C7H3F13NO2S]- {C(F)(F)C(F)(F)C(F)(F)C(F)(F)C(F)(F)C(F)(F)S(=O)(=O)NC}
412.9522578,[C7H2F13SO3]- {C(F)(F)C(F)(F)C(F)(F)C(F)(F)C(F)(F)C(F)(F)CS(=O)(=O)O}
412.966428,[C8F15O2]- {O=C(=O)C(F)(F)C(F)(F)C(F)(F)C(F)(F)C(F)(F)C(F)(F)C(F)(F)F}
412.9675128,[C11H2F13S]- {C(F)(F)C(F)(F)C(F)(F)C(F)(F)C(F)(F)C(F)(F)C(F)(F)C(F)(F)CCSC}
413.0586882,[C10H14F9N2O3S]- {N(C(CO)CCN(C)C)S(=O)(=O)C(F)(F)C(F)(F)C(F)(F)C(F)(F)}
414.9692092,[C12H4F9O4S]- {OS(=O)(=O)c1ccc(O\C(=C(/C(F)(F)F)C(F)(F)C(F)F)C(F)(F)F)cc1}
416.976598,[C11F15]- {FC(C#C)=C=C(F)C(F)(F)C(F)(F)C(F)(F)C(F)(F)C(F)(F)C(F)(F)}
416.9824134,[C10H5F12SO2]- {C(F)(F)C(F)(F)C(F)(F)C(F)(F)C(F)(F)C(F)(F)CCSCC(=O)O}
417.013632,[C9H8F11N2O2S]- {C(F)(F)C(F)(F)C(F)(F)C(F)(F)C(F)(F)S(=O)(=O)NCCCNC}
418.9734044,[C8F17]- {C(F)(F)C(F)(F)C(F)(F)C(F)(F)C(F)(F)C(F)(F)C(F)(F)C(F)(F)}
420.971513,[C10F15O]- {OC(=O)C(F)(F)C(F)(F)C(F)(F)C(F)(F)C(F)(F)C(F)(F)\C(F)=C(/F)CF}
421.0531908,[C10H18F5N2O6S2]- {CN(C)CCCN(CC(O)CS(O)(=O)=O)S(=O)(=O)C(F)(F)C(F)(F)}
422.9518636,[C12F13S]- {C(F)(F)C(F)(F)C(F)(F)C(F)(F)C(F)(F)C(F)(F)C(F)(F)C(F)(F)C(F)(F)CCSC}
424.9522578,[C8H2F13SO3]- {C(F)(F)C(F)(F)C(F)(F)C(F)(F)C(F)(F)C(F)(F)CCS(=O)(=O)O}
426.9667642,[C11H3F12SO2]- {C(F)(F)C(F)(F)C(F)(F)C(F)(F)C(F)(F)C(F)(F)C(F)(F)CCSCC(=O)O}
428.9777408,[C9HF16O]- {OC(F)(F)C(F)(F)C(F)(F)C(F)(F)C(F)(F)C(F)(F)C(F)(F)\C(F)=C/F}
428.9799684,[C9H4SF15]- {C(F)(F)C(F)(F)C(F)(F)C(F)(F)C(F)(F)C(F)(F)C(F)(F)CCS}
429.9350118,[C7F14SO3]- {C(F)(F)C(F)(F)C(F)(F)C(F)(F)C(F)(F)C(F)(F)C(F)(F)S(=O)(=O)O}
430.9428364,[C7HF14SO3]- {C(F)(F)C(F)(F)C(F)(F)C(F)(F)C(F)(F)C(F)(F)C(F)(F)S(=O)(=O)O}
430.9734044,[C9F17]- {FC(F)C(F)(F)C(F)(F)C(F)(F)C(F)(F)C(F)(F)C(\F)=C(/F)C(F)(F)F}
430.9734044,[C9F17]- {C(F)(F)C(F)(F)C(F)(F)C(F)(F)C(F)(F)C(F)(F)C(F)(F)C(F)(F)C(F)(F)}
432.9385,[C7F15SO2]- {S(=O)(=O)C(F)(F)C(F)(F)C(F)(F)C(F)(F)C(F)(F)C(F)(F)C(F)(F)}
432.9597878,[C12H3F10SO4]- {[H]C(F)(F)CC(F)(F)CC(F)(F)CC(F)(F)CC(F)(F)CC(F)(F)CS(O)(=O)=O}
432.9737406,[C11H3F14S]- {FC(=C=CC=CS)C(F)(F)C(F)(F)C(F)(F)C(F)(F)C(F)(F)C(F)(F)}
432.9737406,[C11H3F14S]- {C(F)(F)C(F)(F)C(F)(F)C(F)(F)C(F)(F)C(F)(F)C(F)(F)C(F)(F)CCSC}
432.997314,[C10H8F11O4S]- {C(F)(F)C(F)(F)C(F)(F)C(F)(F)C(F)(F)CCS(=O)(=O)CCC(=O)O}
433.0449304,[C10H12F11N2O2S]- {C(F)(F)C(F)(F)C(F)(F)C(F)(F)C(F)(F)S(=O)(=O)NCCCN(C)C}
434.0163716,[C9H9F11O3N2S]- {C(F)(F)C(F)(F)C(F)(F)C(F)(F)C(F)(F)S(=O)(=O)NCCCN(O)(C)C}
434.9683194,[C8F17O]- {OC(F)(F)C(F)(F)C(F)(F)C(F)(F)C(F)(F)C(F)(F)C(F)(F)C(F)(F)}
435.06884,[C11H20F5N2O6S2]- {CN(C)CCC(CO)N(CCCS(O)(=O)=O)S(=O)(=O)C(F)(F)C(F)(F)}
436.0492686,[C12H17F7O4NS2]- {C(F)(F)C(F)(F)C(F)(F)CCSCCC(=O)NC(CS(=O)(=O)O)(C)C}
436.9828258,[C11HF16]- {FC(=CC#C)C(F)(F)C(F)(F)C(F)(F)C(F)(F)C(F)(F)C(F)(F)C(F)(F)}
436.9886412,[C10H6F13SO2]- {C(F)(F)C(F)(F)C(F)(F)C(F)(F)C(F)(F)C(F)(F)CCSCC(=O)O}
437.9838906,[C9H5F13NO2S]- {C(F)(F)C(F)(F)C(F)(F)C(F)(F)C(F)(F)C(F)(F)S(=O)(=O)N(C)CCC}
438.9643192,[C10H2SF15]- {C(F)(F)C(F)(F)C(F)(F)C(F)(F)C(F)(F)C(F)(F)C(F)(F)C(F)(F)CCS}
438.9917152,[C9H6F13NO2S]- {S(=O)(=O)NCCCC(F)(F)C(F)(F)C(F)(F)C(F)(F)C(F)(F)C(F)(F)}
442.9428364,[C8HF14SO3]- {OS(=O)(=O)C(F)(F)C(F)(F)C(F)(F)C(F)(F)C(F)(F)C(F)(F)C(F)CF}
442.9580914,[C12HF14S]- {C(F)(F)C(F)(F)C(F)(F)C(F)(F)C(F)(F)C(F)(F)C(F)(F)C(F)(F)C(F)(F)CCSC}
442.9734044,[C10F17]- {C(F)(F)C(F)(F)C(F)(F)C(F)(F)C(F)(F)C(F)(F)C(F)(F)C(F)(F)C(F)=C}
442.9734044,[C10F17]- {F\C=C(\F)C(F)C(F)(F)C(F)(F)C(F)(F)C(F)(F)C(F)(F)C(F)(F)C(F)(F)}
442.9734044,[C10F17]- {OS(=O)(=O)C(F)(F)C(F)(F)C(F)(F)C(F)(F)C(F)(F)C(F)(F)C(F)(F)C(F)C(\F)=C(/F)}
442.99339,[C10H3F16O]- {COC(F)(F)C(F)(F)C(F)(F)C(F)(F)C(F)(F)C(F)(F)\C(F)=C\C(F)(F)F}
446.9683194,[C9F17O]- {C(F)(F)C(F)(F)C(F)(F)C(F)(F)C(F)(F)C(F)(F)C(F)(F)C(F)(F)C(=O)O}
446.9683194,[C9F17O]- {FC(=O)C(F)(F)C(F)(F)C(F)(F)C(F)(F)C(F)(F)C(F)(F)C(F)(F)C(F)(F)}
446.972992,[C11H4F13SO2]- {C(F)(F)C(F)(F)C(F)(F)C(F)(F)C(F)(F)C(F)(F)C(F)(F)CCSCC(=O)O}
447.9493986,[C7HF15NO2S]- {C(F)(F)C(F)(F)C(F)(F)C(F)(F)C(F)(F)C(F)(F)C(F)(F)S(=O)(=O)N}
448.933415,[C7F15SO3]- {C(F)(F)C(F)(F)C(F)(F)C(F)(F)C(F)(F)C(F)(F)C(F)(F)S(=O)(=O)O}
451.0042904,[C11H8O2SF13]- {C(F)(F)C(F)(F)C(F)(F)C(F)(F)C(F)(F)C(F)(F)CCSCCC(=O)O}
452.0441836,[C12H17F7O5NS2]- {C(F)(F)C(F)(F)C(F)(F)CCS(=O)CCC(=O)NC(CS(=O)(=O)O)(C)C}
452.9660156,[C12H4F11SO4]- {[H]C(F)(F)CC(F)(F)CC(F)(F)CC(F)(F)CC(F)(F)CC(F)(F)CS(O)(=O)=O}
452.9660156,[C12H4F11O4S] {OS(=O)(=O)c1ccc(O\C(=C(/C(F)(F)F)C(F)(F)C(F)F)C(F)(F)F)cc1}
454.9734044,[C11F17]- {FC(C#C)=C(F)C(F)(F)C(F)(F)C(F)(F)C(F)(F)C(F)(F)C(F)(F)C(F)(F)}
455.0550822,[C11H18F7N2O5S2]- {C(F)(F)C(F)(F)C(F)(F)S(=O)(=O)N(CCCS(=O)(=O)O)CCCN(C)C}
456.905487,[C5F15S2O3]- {S(F)(F)(F)(F)(F)C(F)(F)C(F)(F)C(F)(F)C(F)(F)C(F)(F)S(=O)(=O)O}
458.9377514,[C8HF14SO4]- {}
458.9683194,[C10F17O]- {OC(=O)C(F)(F)C(F)(F)C(F)(F)C(F)(F)C(F)(F)C(F)(F)C(F)(F)C(F)(F)CF}
458.9683194,[C10F17O]- {OC(F)(F)C(F)(F)C(F)(F)C(F)(F)C(F)(F)C(F)(F)C(F)(F)C(F)(F)C(F)=C}
458.970547,[C10H3SF16]- {C(F)(F)C(F)(F)C(F)(F)C(F)(F)C(F)(F)C(F)(F)C(F)(F)C(F)(F)CCS}
459.9940424,[C10H11F9NO5S2]- {CCCN(CCCS(O)(=O)=O)S(=O)(=O)C(F)(F)C(F)(F)C(F)(F)C(F)(F)}
460.933415,[C8F15SO3]- {C(F)(F)C(F)(F)C(F)(F)C(F)(F)C(F)(F)C(F)(F)C(F)(F)C(F)(F)S(=O)(=O)O}
460.95115,[C8F15O5]- {FC(F)(OC(F)(F)C(F)(F)OC(F)(F)C(F)(F)O)C(F)(F)OC(F)(F)C(F)(F)O}
461.9650478,[C8H3F15NO2S]- {C(F)(F)C(F)(F)C(F)(F)C(F)(F)C(F)(F)C(F)(F)C(F)(F)S(=O)(=O)NC}
462.9490642,[C8H2F15SO3]- {C(F)(F)C(F)(F)C(F)(F)C(F)(F)C(F)(F)C(F)(F)C(F)(F)CS(=O)(=O)O}
462.9632344,[C9F17O2]- {O=C(=O)C(F)(F)C(F)(F)C(F)(F)C(F)(F)C(F)(F)C(F)(F)C(F)(F)C(F)(F)F}
462.9643192,[C12H2F15S]- {C(F)(F)C(F)(F)C(F)(F)C(F)(F)C(F)(F)C(F)(F)C(F)(F)C(F)(F)C(F)(F)CCSC}
463.0554946,[C11H14F11N2O3S]- {N(C(CO)CCN(C)C)S(=O)(=O)C(F)(F)C(F)(F)C(F)(F)C(F)(F)C(F)(F)}
464.9660156,[C13H4F11O4S]- {OS(=O)(=O)c1ccc(O\C(=C(/C(F)(F)F)C(F)(F)C(F)(F)C(F)F)C(F)(F)F)cc1}
466.9734044,[C12F17]- {FC(C#C)=C=C(F)C(F)(F)C(F)(F)C(F)(F)C(F)(F)C(F)(F)C(F)(F)C(F)(F)}
466.9792198,[C11H5F14SO2]- {C(F)(F)C(F)(F)C(F)(F)C(F)(F)C(F)(F)C(F)(F)C(F)(F)CCSCC(=O)O}
467.0104384,[C10H8F13N2O2S]- {C(F)(F)C(F)(F)C(F)(F)C(F)(F)C(F)(F)C(F)(F)S(=O)(=O)NCCCNC}
468.9702108,[C9F19]- {C(F)(F)C(F)(F)C(F)(F)C(F)(F)C(F)(F)C(F)(F)C(F)(F)C(F)(F)C(F)(F)}
470.9683194,[C11F17O]- {OC(=O)C(F)(F)C(F)(F)C(F)(F)C(F)(F)C(F)(F)C(F)(F)C(F)(F)\C(F)=C(/F)CF}
471.0499972,[C11H18F7N2O6S2]- {CN(C)CCCN(CC(O)CS(O)(=O)=O)S(=O)(=O)C(F)(F)C(F)(F)C(F)(F)}
472.94867,[C13F15S]- {C(F)(F)C(F)(F)C(F)(F)C(F)(F)C(F)(F)C(F)(F)C(F)(F)C(F)(F)C(F)(F)C(F)(F)CCSC}
472.9722434,[C12H5F12O4S]- {[H]C(F)(F)CC(F)(F)CC(F)(F)CC(F)(F)CC(F)(F)CC(F)(F)CS(O)(=O)=O}
474.9490642,[C9H2F15SO3]- {C(F)(F)C(F)(F)C(F)(F)C(F)(F)C(F)(F)C(F)(F)C(F)(F)CCS(=O)(=O)O}
476.9635706,[C12H3F14SO2]- {C(F)(F)C(F)(F)C(F)(F)C(F)(F)C(F)(F)C(F)(F)C(F)(F)C(F)(F)CCSCC(=O)O}
478.9745472,[C10HF18O]- {OC(F)(F)C(F)(F)C(F)(F)C(F)(F)C(F)(F)C(F)(F)C(F)(F)C(F)(F)\C(F)=C/F}
478.9767748,[C10H4SF17]- {C(F)(F)C(F)(F)C(F)(F)C(F)(F)C(F)(F)C(F)(F)C(F)(F)C(F)(F)CCS}
479.9318182,[C8F16SO3]- {C(F)(F)C(F)(F)C(F)(F)C(F)(F)C(F)(F)C(F)(F)C(F)(F)C(F)(F)S(=O)(=O)O}
480.9396428,[C8HF16SO3]- {C(F)(F)C(F)(F)C(F)(F)C(F)(F)C(F)(F)C(F)(F)C(F)(F)C(F)(F)S(=O)(=O)O}
480.9702108,[C10F19]- {FC(F)C(F)(F)C(F)(F)C(F)(F)C(F)(F)C(F)(F)C(F)(F)C(\F)=C(/F)C(F)(F)F}
482.9353064,[C8F17SO2]- {S(=O)(=O)C(F)(F)C(F)(F)C(F)(F)C(F)(F)C(F)(F)C(F)(F)C(F)(F)C(F)(F)}
482.970547,[C12H3F16S]- {FC(=C=CC=CS)C(F)(F)C(F)(F)C(F)(F)C(F)(F)C(F)(F)C(F)(F)C(F)(F)}
482.970547,[C12H3F16S]- {C(F)(F)C(F)(F)C(F)(F)C(F)(F)C(F)(F)C(F)(F)C(F)(F)C(F)(F)C(F)(F)CCSC}
482.9941204,[C11H8F13O4S]- {C(F)(F)C(F)(F)C(F)(F)C(F)(F)C(F)(F)C(F)(F)CCS(=O)(=O)CCC(=O)O}
483.0417368,[C11H12F13N2O2S]- {C(F)(F)C(F)(F)C(F)(F)C(F)(F)C(F)(F)C(F)(F)S(=O)(=O)NCCCN(C)C}
484.013178,[C10H9F13O3N2S]- {C(F)(F)C(F)(F)C(F)(F)C(F)(F)C(F)(F)C(F)(F)S(=O)(=O)NCCCN(O)(C)C}
484.9651258,[C9F19O]- {OC(F)(F)C(F)(F)C(F)(F)C(F)(F)C(F)(F)C(F)(F)C(F)(F)C(F)(F)C(F)(F)}
485.0656464,[C12H20F7N2O6S2]- {CN(C)CCC(CO)N(CCCS(O)(=O)=O)S(=O)(=O)C(F)(F)C(F)(F)C(F)(F)}
486.046075,[C13H17F9O4NS2]- {C(F)(F)C(F)(F)C(F)(F)C(F)(F)CCSCCC(=O)NC(CS(=O)(=O)O)(C)C}
486.9796322,[C12HF18]- {FC(=CC#C)C(F)(F)C(F)(F)C(F)(F)C(F)(F)C(F)(F)C(F)(F)C(F)(F)C(F)(F)}
486.9854476,[C11H6F15SO2]- {C(F)(F)C(F)(F)C(F)(F)C(F)(F)C(F)(F)C(F)(F)C(F)(F)CCSCC(=O)O}
487.980697,[C10H5F15NO2S]- {C(F)(F)C(F)(F)C(F)(F)C(F)(F)C(F)(F)C(F)(F)C(F)(F)S(=O)(=O)N(C)CCC}
488.9611256,[C11H2SF17]- {C(F)(F)C(F)(F)C(F)(F)C(F)(F)C(F)(F)C(F)(F)C(F)(F)C(F)(F)C(F)(F)CCS}
488.9885216,[C10H6F15NO2S]- {S(=O)(=O)NCCCC(F)(F)C(F)(F)C(F)(F)C(F)(F)C(F)(F)C(F)(F)C(F)(F)}
492.9396428,[C9HF16SO3]- {OS(=O)(=O)C(F)(F)C(F)(F)C(F)(F)C(F)(F)C(F)(F)C(F)(F)C(F)(F)C(F)CF}
492.9548978,[C13HF16S]- {C(F)(F)C(F)(F)C(F)(F)C(F)(F)C(F)(F)C(F)(F)C(F)(F)C(F)(F)C(F)(F)C(F)(F)CCSC}
492.9702108,[C11F19]- {C(F)(F)C(F)(F)C(F)(F)C(F)(F)C(F)(F)C(F)(F)C(F)(F)C(F)(F)C(F)(F)C(F)(F)C(F)(F)}
492.9702108,[C11F19]- {C(F)(F)C(F)(F)C(F)(F)C(F)(F)C(F)(F)C(F)(F)C(F)(F)C(F)(F)C(F)(F)C(F)=C}
492.9702108,[C11F19]- {F\C=C(\F)C(F)C(F)(F)C(F)(F)C(F)(F)C(F)(F)C(F)(F)C(F)(F)C(F)(F)C(F)(F)}
492.9702108,[C11F19]- {OS(=O)(=O)C(F)(F)C(F)(F)C(F)(F)C(F)(F)C(F)(F)C(F)(F)C(F)(F)C(F)(F)C(F)C(\F)=C(/F)}
492.9901964,[C11H3F18O]- {COC(F)(F)C(F)(F)C(F)(F)C(F)(F)C(F)(F)C(F)(F)C(F)(F)\C(F)=C\C(F)(F)F}
494.9565942,[C14H3F12SO4]- {[H]C(F)(F)CC(F)(F)CC(F)(F)CC(F)(F)CC(F)(F)CC(F)(F)CC(F)(F)CS(O)(=O)=O}
496.9651258,[C10F19O]- {C(F)(F)C(F)(F)C(F)(F)C(F)(F)C(F)(F)C(F)(F)C(F)(F)C(F)(F)C(F)(F)C(=O)O}
496.9651258,[C10F19O]- {FC(=O)C(F)(F)C(F)(F)C(F)(F)C(F)(F)C(F)(F)C(F)(F)C(F)(F)C(F)(F)C(F)(F)}
496.9697984,[C12H4F15SO2]- {C(F)(F)C(F)(F)C(F)(F)C(F)(F)C(F)(F)C(F)(F)C(F)(F)C(F)(F)CCSCC(=O)O}
497.946205,[C8HF17NO2S]- {C(F)(F)C(F)(F)C(F)(F)C(F)(F)C(F)(F)C(F)(F)C(F)(F)C(F)(F)S(=O)(=O)N}
498.9302214,[C8F17SO3]- {C(F)(F)C(F)(F)C(F)(F)C(F)(F)C(F)(F)C(F)(F)C(F)(F)C(F)(F)S(=O)(=O)O}
501.0010968,[C12H8O2SF15]- {C(F)(F)C(F)(F)C(F)(F)C(F)(F)C(F)(F)C(F)(F)C(F)(F)CCSCCC(=O)O}
502.04099,[C13H17F9O5NS2]- {C(F)(F)C(F)(F)C(F)(F)C(F)(F)CCS(=O)CCC(=O)NC(CS(=O)(=O)O)(C)C}
502.962822,[C13H4F13O4S] {OS(=O)(=O)c1ccc(O\C(=C(/C(F)(F)F)C(F)(F)C(F)(F)C(F)F)C(F)(F)F)cc1}
504.9702108,[C12F19]- {FC(C#C)=C(F)C(F)(F)C(F)(F)C(F)(F)C(F)(F)C(F)(F)C(F)(F)C(F)(F)C(F)(F)}
505.0518886,[C12H18F9N2O5S2]- {C(F)(F)C(F)(F)C(F)(F)C(F)(F)S(=O)(=O)N(CCCS(=O)(=O)O)CCCN(C)C}
506.9022934,[C6F17S2O3]- {S(F)(F)(F)(F)(F)C(F)(F)C(F)(F)C(F)(F)C(F)(F)C(F)(F)C(F)(F)S(=O)(=O)O}
508.9651258,[C11F19O]- {OC(=O)C(F)(F)C(F)(F)C(F)(F)C(F)(F)C(F)(F)C(F)(F)C(F)(F)C(F)(F)C(F)(F)CF}
508.9651258,[C11F19O]- {OC(F)(F)C(F)(F)C(F)(F)C(F)(F)C(F)(F)C(F)(F)C(F)(F)C(F)(F)C(F)(F)C(F)=C}
508.9673534,[C11H3SF18]- {C(F)(F)C(F)(F)C(F)(F)C(F)(F)C(F)(F)C(F)(F)C(F)(F)C(F)(F)C(F)(F)CCS}
509.9908488,[C11H11F11NO5S2]- {CCCN(CCCS(O)(=O)=O)S(=O)(=O)C(F)(F)C(F)(F)C(F)(F)C(F)(F)C(F)(F)}
510.9302214,[C9F17SO3]- {C(F)(F)C(F)(F)C(F)(F)C(F)(F)C(F)(F)C(F)(F)C(F)(F)C(F)(F)C(F)(F)S(=O)(=O)O}
511.9618542,[C9H3F17NO2S]- {C(F)(F)C(F)(F)C(F)(F)C(F)(F)C(F)(F)C(F)(F)C(F)(F)C(F)(F)S(=O)(=O)NC}
512.9458706,[C9H2F17SO3]- {C(F)(F)C(F)(F)C(F)(F)C(F)(F)C(F)(F)C(F)(F)C(F)(F)C(F)(F)CS(=O)(=O)O}
512.9600408,[C10F19O2]- {O=C(=O)C(F)(F)C(F)(F)C(F)(F)C(F)(F)C(F)(F)C(F)(F)C(F)(F)C(F)(F)C(F)(F)F}
512.9611256,[C13H2F17S]- {C(F)(F)C(F)(F)C(F)(F)C(F)(F)C(F)(F)C(F)(F)C(F)(F)C(F)(F)C(F)(F)C(F)(F)CCSC}
513.052301,[C12H14F13N2O3S]- {N(C(CO)CCN(C)C)S(=O)(=O)C(F)(F)C(F)(F)C(F)(F)C(F)(F)C(F)(F)C(F)(F)}
514.962822,[C14H4F13O4S]- {OS(=O)(=O)c1ccc(O\C(=C(/C(F)(F)F)C(F)(F)C(F)(F)C(F)(F)C(F)F)C(F)(F)F)cc1}
514.962822,[C14H4F13SO4]- {[H]C(F)(F)CC(F)(F)CC(F)(F)CC(F)(F)CC(F)(F)CC(F)(F)CC(F)(F)CS(O)(=O)=O}
516.9702108,[C13F19]- {FC(C#C)=C=C(F)C(F)(F)C(F)(F)C(F)(F)C(F)(F)C(F)(F)C(F)(F)C(F)(F)C(F)(F)}
516.9760262,[C12H5F16SO2]- {C(F)(F)C(F)(F)C(F)(F)C(F)(F)C(F)(F)C(F)(F)C(F)(F)C(F)(F)CCSCC(=O)O}
517.0072448,[C11H8F15N2O2S]- {C(F)(F)C(F)(F)C(F)(F)C(F)(F)C(F)(F)C(F)(F)C(F)(F)S(=O)(=O)NCCCNC}
518.9670172,[C10F21]- {C(F)(F)C(F)(F)C(F)(F)C(F)(F)C(F)(F)C(F)(F)C(F)(F)C(F)(F)C(F)(F)C(F)(F)}
520.9651258,[C12F19O]- {OC(=O)C(F)(F)C(F)(F)C(F)(F)C(F)(F)C(F)(F)C(F)(F)C(F)(F)C(F)(F)\C(F)=C(/F)CF}
521.0468036,[C12H18F9N2O6S2]- {CN(C)CCCN(CC(O)CS(O)(=O)=O)S(=O)(=O)C(F)(F)C(F)(F)C(F)(F)C(F)(F)}
522.9454764,[C14F17S]- {C(F)(F)C(F)(F)C(F)(F)C(F)(F)C(F)(F)C(F)(F)C(F)(F)C(F)(F)C(F)(F)C(F)(F)C(F)(F)CCSC}
524.9458706,[C10H2F17SO3]- {C(F)(F)C(F)(F)C(F)(F)C(F)(F)C(F)(F)C(F)(F)C(F)(F)C(F)(F)CCS(=O)(=O)O}
526.960377,[C13H3F16SO2]- {C(F)(F)C(F)(F)C(F)(F)C(F)(F)C(F)(F)C(F)(F)C(F)(F)C(F)(F)C(F)(F)CCSCC(=O)O}
528.9713536,[C11HF20O]- {OC(F)(F)C(F)(F)C(F)(F)C(F)(F)C(F)(F)C(F)(F)C(F)(F)C(F)(F)C(F)(F)\C(F)=C/F}
528.9735812,[C11H4SF19]- {C(F)(F)C(F)(F)C(F)(F)C(F)(F)C(F)(F)C(F)(F)C(F)(F)C(F)(F)C(F)(F)CCS}
529.9286246,[C9F18SO3]- {C(F)(F)C(F)(F)C(F)(F)C(F)(F)C(F)(F)C(F)(F)C(F)(F)C(F)(F)C(F)(F)S(=O)(=O)O}
530.9364492,[C9HF18SO3]- {C(F)(F)C(F)(F)C(F)(F)C(F)(F)C(F)(F)C(F)(F)C(F)(F)C(F)(F)C(F)(F)S(=O)(=O)O}
530.9670172,[C11F21]- {FC(F)C(F)(F)C(F)(F)C(F)(F)C(F)(F)C(F)(F)C(F)(F)C(F)(F)C(\F)=C(/F)C(F)(F)F}
532.9321128,[C9F19SO2]- {S(=O)(=O)C(F)(F)C(F)(F)C(F)(F)C(F)(F)C(F)(F)C(F)(F)C(F)(F)C(F)(F)C(F)(F)}
532.9673534,[C13H3F18S]- {FC(=C=CC=CS)C(F)(F)C(F)(F)C(F)(F)C(F)(F)C(F)(F)C(F)(F)C(F)(F)C(F)(F)}
532.9673534,[C13H3F18S]- {C(F)(F)C(F)(F)C(F)(F)C(F)(F)C(F)(F)C(F)(F)C(F)(F)C(F)(F)C(F)(F)C(F)(F)CCSC}
532.9909268,[C12H8F15O4S]- {C(F)(F)C(F)(F)C(F)(F)C(F)(F)C(F)(F)C(F)(F)C(F)(F)CCS(=O)(=O)CCC(=O)O}
533.0385432,[C12H12F15N2O2S]- {C(F)(F)C(F)(F)C(F)(F)C(F)(F)C(F)(F)C(F)(F)C(F)(F)S(=O)(=O)NCCCN(C)C}
534.0099844,[C11H9F15O3N2S]- {C(F)(F)C(F)(F)C(F)(F)C(F)(F)C(F)(F)C(F)(F)C(F)(F)S(=O)(=O)NCCCN(O)(C)C}
534.9619322,[C10F21O]- {OC(F)(F)C(F)(F)C(F)(F)C(F)(F)C(F)(F)C(F)(F)C(F)(F)C(F)(F)C(F)(F)C(F)(F)}
534.9690498,[C14H5F14O4S]- {[H]C(F)(F)CC(F)(F)CC(F)(F)CC(F)(F)CC(F)(F)CC(F)(F)CC(F)(F)CS(O)(=O)=O}
535.0624528,[C13H20F9N2O6S2]- {CN(C)CCC(CO)N(CCCS(O)(=O)=O)S(=O)(=O)C(F)(F)C(F)(F)C(F)(F)C(F)(F)}
536.0428814,[C14H17F11O4NS2]- {C(F)(F)C(F)(F)C(F)(F)C(F)(F)C(F)(F)CCSCCC(=O)NC(CS(=O)(=O)O)(C)C}
536.9764386,[C13HF20]- {FC(=CC#C)C(F)(F)C(F)(F)C(F)(F)C(F)(F)C(F)(F)C(F)(F)C(F)(F)C(F)(F)C(F)(F)}
536.982254,[C12H6F17SO2]- {C(F)(F)C(F)(F)C(F)(F)C(F)(F)C(F)(F)C(F)(F)C(F)(F)C(F)(F)CCSCC(=O)O}
537.9775034,[C11H5F17NO2S]- {C(F)(F)C(F)(F)C(F)(F)C(F)(F)C(F)(F)C(F)(F)C(F)(F)C(F)(F)S(=O)(=O)N(C)CCC}
538.957932,[C12H2SF19]- {C(F)(F)C(F)(F)C(F)(F)C(F)(F)C(F)(F)C(F)(F)C(F)(F)C(F)(F)C(F)(F)C(F)(F)CCS}
538.985328,[C11H6F17NO2S]- {S(=O)(=O)NCCCC(F)(F)C(F)(F)C(F)(F)C(F)(F)C(F)(F)C(F)(F)C(F)(F)C(F)(F)}
542.9364492,[C10HF18SO3]- {OS(=O)(=O)C(F)(F)C(F)(F)C(F)(F)C(F)(F)C(F)(F)C(F)(F)C(F)(F)C(F)(F)C(F)CF}
542.9517042,[C14HF18S]- {C(F)(F)C(F)(F)C(F)(F)C(F)(F)C(F)(F)C(F)(F)C(F)(F)C(F)(F)C(F)(F)C(F)(F)C(F)(F)CCSC}
542.9670172,[C12F21]- {C(F)(F)C(F)(F)C(F)(F)C(F)(F)C(F)(F)C(F)(F)C(F)(F)C(F)(F)C(F)(F)C(F)(F)C(F)=C}
542.9670172,[C12F21]- {F\C=C(\F)C(F)C(F)(F)C(F)(F)C(F)(F)C(F)(F)C(F)(F)C(F)(F)C(F)(F)C(F)(F)C(F)(F)}
542.9670172,[C12F21]- {OS(=O)(=O)C(F)(F)C(F)(F)C(F)(F)C(F)(F)C(F)(F)C(F)(F)C(F)(F)C(F)(F)C(F)(F)C(F)C(\F)=C(/F)}
542.9870028,[C12H3F20O]- {COC(F)(F)C(F)(F)C(F)(F)C(F)(F)C(F)(F)C(F)(F)C(F)(F)C(F)(F)\C(F)=C\C(F)(F)F}
546.9619322,[C11F21O]- {C(F)(F)C(F)(F)C(F)(F)C(F)(F)C(F)(F)C(F)(F)C(F)(F)C(F)(F)C(F)(F)C(F)(F)C(=O)O}
546.9619322,[C11F21O]- {FC(=O)C(F)(F)C(F)(F)C(F)(F)C(F)(F)C(F)(F)C(F)(F)C(F)(F)C(F)(F)C(F)(F)C(F)(F)}
546.9666048,[C13H4F17SO2]- {C(F)(F)C(F)(F)C(F)(F)C(F)(F)C(F)(F)C(F)(F)C(F)(F)C(F)(F)C(F)(F)CCSCC(=O)O}
547.9430114,[C9HF19NO2S]- {C(F)(F)C(F)(F)C(F)(F)C(F)(F)C(F)(F)C(F)(F)C(F)(F)C(F)(F)C(F)(F)S(=O)(=O)N}
548.9270278,[C9F19SO3]- {C(F)(F)C(F)(F)C(F)(F)C(F)(F)C(F)(F)C(F)(F)C(F)(F)C(F)(F)C(F)(F)S(=O)(=O)O}
550.9979032,[C13H8O2SF17]- {C(F)(F)C(F)(F)C(F)(F)C(F)(F)C(F)(F)C(F)(F)C(F)(F)C(F)(F)CCSCCC(=O)O}
552.0377964,[C14H17F11O5NS2]- {C(F)(F)C(F)(F)C(F)(F)C(F)(F)C(F)(F)CCS(=O)CCC(=O)NC(CS(=O)(=O)O)(C)C}
552.9596284,[C14H4F15O4S] {OS(=O)(=O)c1ccc(O\C(=C(/C(F)(F)F)C(F)(F)C(F)(F)C(F)(F)C(F)F)C(F)(F)F)cc1}
554.9670172,[C13F21]- {FC(C#C)=C(F)C(F)(F)C(F)(F)C(F)(F)C(F)(F)C(F)(F)C(F)(F)C(F)(F)C(F)(F)C(F)(F)}
555.048695,[C13H18F11N2O5S2]- {C(F)(F)C(F)(F)C(F)(F)C(F)(F)C(F)(F)S(=O)(=O)N(CCCS(=O)(=O)O)CCCN(C)C}
556.8990998,[C7F19S2O3]- {S(F)(F)(F)(F)(F)C(F)(F)C(F)(F)C(F)(F)C(F)(F)C(F)(F)C(F)(F)C(F)(F)S(=O)(=O)O}
556.9534006,[C16H3F14SO4]- {[H]C(F)(F)CC(F)(F)CC(F)(F)CC(F)(F)CC(F)(F)CC(F)(F)CC(F)(F)CC(F)(F)CS(O)(=O)=O}
558.9619322,[C12F21O]- {OC(=O)C(F)(F)C(F)(F)C(F)(F)C(F)(F)C(F)(F)C(F)(F)C(F)(F)C(F)(F)C(F)(F)C(F)(F)CF}
558.9619322,[C12F21O]- {OC(F)(F)C(F)(F)C(F)(F)C(F)(F)C(F)(F)C(F)(F)C(F)(F)C(F)(F)C(F)(F)C(F)(F)C(F)=C}
558.9641598,[C12H3SF20]- {C(F)(F)C(F)(F)C(F)(F)C(F)(F)C(F)(F)C(F)(F)C(F)(F)C(F)(F)C(F)(F)C(F)(F)CCS}
559.9876552,[C12H11F13NO5S2]- {CCCN(CCCS(O)(=O)=O)S(=O)(=O)C(F)(F)C(F)(F)C(F)(F)C(F)(F)C(F)(F)C(F)(F)}
560.9270278,[C10F19SO3]- {C(F)(F)C(F)(F)C(F)(F)C(F)(F)C(F)(F)C(F)(F)C(F)(F)C(F)(F)C(F)(F)C(F)(F)S(=O)(=O)O}
561.9586606,[C10H3F19NO2S]- {C(F)(F)C(F)(F)C(F)(F)C(F)(F)C(F)(F)C(F)(F)C(F)(F)C(F)(F)C(F)(F)S(=O)(=O)NC}
562.942677,[C10H2F19SO3]- {C(F)(F)C(F)(F)C(F)(F)C(F)(F)C(F)(F)C(F)(F)C(F)(F)C(F)(F)C(F)(F)CS(=O)(=O)O}
562.9568472,[C11F21O2]- {O=C(=O)C(F)(F)C(F)(F)C(F)(F)C(F)(F)C(F)(F)C(F)(F)C(F)(F)C(F)(F)C(F)(F)C(F)(F)F}
562.957932,[C14H2F19S]- {C(F)(F)C(F)(F)C(F)(F)C(F)(F)C(F)(F)C(F)(F)C(F)(F)C(F)(F)C(F)(F)C(F)(F)C(F)(F)CCSC}
563.0491074,[C13H14F15N2O3S]- {N(C(CO)CCN(C)C)S(=O)(=O)C(F)(F)C(F)(F)C(F)(F)C(F)(F)C(F)(F)C(F)(F)C(F)(F)}
564.9596284,[C15H4F15O4S]- {OS(=O)(=O)c1ccc(O\C(=C(/C(F)(F)F)C(F)(F)C(F)(F)C(F)(F)C(F)(F)C(F)F)C(F)(F)F)cc1}
566.9670172,[C14F21]- {FC(C#C)=C=C(F)C(F)(F)C(F)(F)C(F)(F)C(F)(F)C(F)(F)C(F)(F)C(F)(F)C(F)(F)C(F)(F)}
566.9728326,[C13H5F18SO2]- {C(F)(F)C(F)(F)C(F)(F)C(F)(F)C(F)(F)C(F)(F)C(F)(F)C(F)(F)C(F)(F)CCSCC(=O)O}
567.0040512,[C12H8F17N2O2S]- {C(F)(F)C(F)(F)C(F)(F)C(F)(F)C(F)(F)C(F)(F)C(F)(F)C(F)(F)S(=O)(=O)NCCCNC}
568.9638236,[C11F23]- {C(F)(F)C(F)(F)C(F)(F)C(F)(F)C(F)(F)C(F)(F)C(F)(F)C(F)(F)C(F)(F)C(F)(F)C(F)(F)}
570.9619322,[C13F21O]- {OC(=O)C(F)(F)C(F)(F)C(F)(F)C(F)(F)C(F)(F)C(F)(F)C(F)(F)C(F)(F)C(F)(F)\C(F)=C(/F)CF}
571.04361,[C13H18F11N2O6S2]- {CN(C)CCCN(CC(O)CS(O)(=O)=O)S(=O)(=O)C(F)(F)C(F)(F)C(F)(F)C(F)(F)C(F)(F)}
572.9422828,[C15F19S]- {C(F)(F)C(F)(F)C(F)(F)C(F)(F)C(F)(F)C(F)(F)C(F)(F)C(F)(F)C(F)(F)C(F)(F)C(F)(F)C(F)(F)CCSC}
574.942677,[C11H2F19SO3]- {C(F)(F)C(F)(F)C(F)(F)C(F)(F)C(F)(F)C(F)(F)C(F)(F)C(F)(F)C(F)(F)CCS(=O)(=O)O}
576.93967,[C10F19O6]- {FC(F)(OC(F)(F)C(F)(F)OC(F)(F)C(F)(F)O)C(F)(F)OC(F)(F)C(F)(F)OC(F)(F)C(F)(F)O}
576.9571834,[C14H3F18SO2]- {C(F)(F)C(F)(F)C(F)(F)C(F)(F)C(F)(F)C(F)(F)C(F)(F)C(F)(F)C(F)(F)C(F)(F)CCSCC(=O)O}
576.9596284,[C16H4F15SO4]- {[H]C(F)(F)CC(F)(F)CC(F)(F)CC(F)(F)CC(F)(F)CC(F)(F)CC(F)(F)CC(F)(F)CS(O)(=O)=O}
578.96816,[C12HF22O]- {OC(F)(F)C(F)(F)C(F)(F)C(F)(F)C(F)(F)C(F)(F)C(F)(F)C(F)(F)C(F)(F)C(F)(F)\C(F)=C/F}
578.9703876,[C12H4SF21]- {C(F)(F)C(F)(F)C(F)(F)C(F)(F)C(F)(F)C(F)(F)C(F)(F)C(F)(F)C(F)(F)C(F)(F)CCS}
579.925431,[C10F20SO3]- {C(F)(F)C(F)(F)C(F)(F)C(F)(F)C(F)(F)C(F)(F)C(F)(F)C(F)(F)C(F)(F)C(F)(F)S(=O)(=O)O}
580.9332556,[C10HF20SO3]- {C(F)(F)C(F)(F)C(F)(F)C(F)(F)C(F)(F)C(F)(F)C(F)(F)C(F)(F)C(F)(F)C(F)(F)S(=O)(=O)O}
580.9638236,[C12F23]- {FC(F)C(F)(F)C(F)(F)C(F)(F)C(F)(F)C(F)(F)C(F)(F)C(F)(F)C(F)(F)C(\F)=C(/F)C(F)(F)F}
582.9289192,[C10F21SO2]- {S(=O)(=O)C(F)(F)C(F)(F)C(F)(F)C(F)(F)C(F)(F)C(F)(F)C(F)(F)C(F)(F)C(F)(F)C(F)(F)}
582.9641598,[C14H3F20S]- {FC(=C=CC=CS)C(F)(F)C(F)(F)C(F)(F)C(F)(F)C(F)(F)C(F)(F)C(F)(F)C(F)(F)C(F)(F)}
582.9641598,[C14H3F20S]- {C(F)(F)C(F)(F)C(F)(F)C(F)(F)C(F)(F)C(F)(F)C(F)(F)C(F)(F)C(F)(F)C(F)(F)C(F)(F)CCSC}
582.9877332,[C13H8F17O4S]- {C(F)(F)C(F)(F)C(F)(F)C(F)(F)C(F)(F)C(F)(F)C(F)(F)C(F)(F)CCS(=O)(=O)CCC(=O)O}
583.0353496,[C13H12F17N2O2S]- {C(F)(F)C(F)(F)C(F)(F)C(F)(F)C(F)(F)C(F)(F)C(F)(F)C(F)(F)S(=O)(=O)NCCCN(C)C}
584.0067908,[C12H9F17O3N2S]- {C(F)(F)C(F)(F)C(F)(F)C(F)(F)C(F)(F)C(F)(F)C(F)(F)C(F)(F)S(=O)(=O)NCCCN(O)(C)C}
584.9587386,[C11F23O]- {OC(F)(F)C(F)(F)C(F)(F)C(F)(F)C(F)(F)C(F)(F)C(F)(F)C(F)(F)C(F)(F)C(F)(F)C(F)(F)}
585.0592592,[C14H20F11N2O6S2]- {CN(C)CCC(CO)N(CCCS(O)(=O)=O)S(=O)(=O)C(F)(F)C(F)(F)C(F)(F)C(F)(F)C(F)(F)}
586.0396878,[C15H17F13O4NS2]- {C(F)(F)C(F)(F)C(F)(F)C(F)(F)C(F)(F)C(F)(F)CCSCCC(=O)NC(CS(=O)(=O)O)(C)C}
586.973245,[C14HF22]- {FC(=CC#C)C(F)(F)C(F)(F)C(F)(F)C(F)(F)C(F)(F)C(F)(F)C(F)(F)C(F)(F)C(F)(F)C(F)(F)}
586.9790604,[C13H6F19SO2]- {C(F)(F)C(F)(F)C(F)(F)C(F)(F)C(F)(F)C(F)(F)C(F)(F)C(F)(F)C(F)(F)CCSCC(=O)O}
587.9743098,[C12H5F19NO2S]- {C(F)(F)C(F)(F)C(F)(F)C(F)(F)C(F)(F)C(F)(F)C(F)(F)C(F)(F)C(F)(F)S(=O)(=O)N(C)CCC}
588.9547384,[C13H2SF21]- {C(F)(F)C(F)(F)C(F)(F)C(F)(F)C(F)(F)C(F)(F)C(F)(F)C(F)(F)C(F)(F)C(F)(F)C(F)(F)CCS}
588.9821344,[C12H6F19NO2S]- {S(=O)(=O)NCCCC(F)(F)C(F)(F)C(F)(F)C(F)(F)C(F)(F)C(F)(F)C(F)(F)C(F)(F)C(F)(F)}
592.9332556,[C11HF20SO3]- {OS(=O)(=O)C(F)(F)C(F)(F)C(F)(F)C(F)(F)C(F)(F)C(F)(F)C(F)(F)C(F)(F)C(F)(F)C(F)CF}
592.9485106,[C15HF20S]- {C(F)(F)C(F)(F)C(F)(F)C(F)(F)C(F)(F)C(F)(F)C(F)(F)C(F)(F)C(F)(F)C(F)(F)C(F)(F)C(F)(F)CCSC}
592.9638236,[C13F23]- {C(F)(F)C(F)(F)C(F)(F)C(F)(F)C(F)(F)C(F)(F)C(F)(F)C(F)(F)C(F)(F)C(F)(F)C(F)(F)C(F)=C}
592.9638236,[C13F23]- {F\C=C(\F)C(F)C(F)(F)C(F)(F)C(F)(F)C(F)(F)C(F)(F)C(F)(F)C(F)(F)C(F)(F)C(F)(F)C(F)(F)}
592.9638236,[C13F23]- {OS(=O)(=O)C(F)(F)C(F)(F)C(F)(F)C(F)(F)C(F)(F)C(F)(F)C(F)(F)C(F)(F)C(F)(F)C(F)(F)C(F)C(\F)=C(/F)}
592.9838092,[C13H3F22O]- {COC(F)(F)C(F)(F)C(F)(F)C(F)(F)C(F)(F)C(F)(F)C(F)(F)C(F)(F)C(F)(F)\C(F)=C\C(F)(F)F}
596.9587386,[C12F23O]- {C(F)(F)C(F)(F)C(F)(F)C(F)(F)C(F)(F)C(F)(F)C(F)(F)C(F)(F)C(F)(F)C(F)(F)C(F)(F)C(=O)O}
596.9587386,[C12F23O]- {FC(=O)C(F)(F)C(F)(F)C(F)(F)C(F)(F)C(F)(F)C(F)(F)C(F)(F)C(F)(F)C(F)(F)C(F)(F)C(F)(F)}
596.9634112,[C14H4F19SO2]- {C(F)(F)C(F)(F)C(F)(F)C(F)(F)C(F)(F)C(F)(F)C(F)(F)C(F)(F)C(F)(F)C(F)(F)CCSCC(=O)O}
596.9658562,[C16H5F16O4S]- {[H]C(F)(F)CC(F)(F)CC(F)(F)CC(F)(F)CC(F)(F)CC(F)(F)CC(F)(F)CC(F)(F)CS(O)(=O)=O}
597.9398178,[C10HF21NO2S]- {C(F)(F)C(F)(F)C(F)(F)C(F)(F)C(F)(F)C(F)(F)C(F)(F)C(F)(F)C(F)(F)C(F)(F)S(=O)(=O)N}
598.9238342,[C10F21SO3]- {C(F)(F)C(F)(F)C(F)(F)C(F)(F)C(F)(F)C(F)(F)C(F)(F)C(F)(F)C(F)(F)C(F)(F)S(=O)(=O)O}
600.9947096,[C14H8O2SF19]- {C(F)(F)C(F)(F)C(F)(F)C(F)(F)C(F)(F)C(F)(F)C(F)(F)C(F)(F)C(F)(F)CCSCCC(=O)O}
602.0346028,[C15H17F13O5NS2]- {C(F)(F)C(F)(F)C(F)(F)C(F)(F)C(F)(F)C(F)(F)CCS(=O)CCC(=O)NC(CS(=O)(=O)O)(C)C}
602.9564348,[C15H4F17O4S] {OS(=O)(=O)c1ccc(O\C(=C(/C(F)(F)F)C(F)(F)C(F)(F)C(F)(F)C(F)(F)C(F)F)C(F)(F)F)cc1}
604.9638236,[C14F23]- {FC(C#C)=C(F)C(F)(F)C(F)(F)C(F)(F)C(F)(F)C(F)(F)C(F)(F)C(F)(F)C(F)(F)C(F)(F)C(F)(F)}
605.0455014,[C14H18F13N2O5S2]- {C(F)(F)C(F)(F)C(F)(F)C(F)(F)C(F)(F)C(F)(F)S(=O)(=O)N(CCCS(=O)(=O)O)CCCN(C)C}
606.8959062,[C8F21S2O3]- {S(F)(F)(F)(F)(F)C(F)(F)C(F)(F)C(F)(F)C(F)(F)C(F)(F)C(F)(F)C(F)(F)C(F)(F)S(=O)(=O)O}
608.9587386,[C13F23O]- {OC(=O)C(F)(F)C(F)(F)C(F)(F)C(F)(F)C(F)(F)C(F)(F)C(F)(F)C(F)(F)C(F)(F)C(F)(F)C(F)(F)CF}
608.9587386,[C13F23O]- {OC(F)(F)C(F)(F)C(F)(F)C(F)(F)C(F)(F)C(F)(F)C(F)(F)C(F)(F)C(F)(F)C(F)(F)C(F)(F)C(F)=C}
608.9609662,[C13H3SF22]- {C(F)(F)C(F)(F)C(F)(F)C(F)(F)C(F)(F)C(F)(F)C(F)(F)C(F)(F)C(F)(F)C(F)(F)C(F)(F)CCS}
609.9844616,[C13H11F15NO5S2]- {CCCN(CCCS(O)(=O)=O)S(=O)(=O)C(F)(F)C(F)(F)C(F)(F)C(F)(F)C(F)(F)C(F)(F)C(F)(F)}
610.9238342,[C11F21SO3]- {C(F)(F)C(F)(F)C(F)(F)C(F)(F)C(F)(F)C(F)(F)C(F)(F)C(F)(F)C(F)(F)C(F)(F)C(F)(F)S(=O)(=O)O}
611.955467,[C11H3F21NO2S]- {C(F)(F)C(F)(F)C(F)(F)C(F)(F)C(F)(F)C(F)(F)C(F)(F)C(F)(F)C(F)(F)C(F)(F)S(=O)(=O)NC}
612.9394834,[C11H2F21SO3]- {C(F)(F)C(F)(F)C(F)(F)C(F)(F)C(F)(F)C(F)(F)C(F)(F)C(F)(F)C(F)(F)C(F)(F)CS(=O)(=O)O}
612.9536536,[C12F23O2]- {O=C(=O)C(F)(F)C(F)(F)C(F)(F)C(F)(F)C(F)(F)C(F)(F)C(F)(F)C(F)(F)C(F)(F)C(F)(F)C(F)(F)F}
612.9547384,[C15H2F21S]- {C(F)(F)C(F)(F)C(F)(F)C(F)(F)C(F)(F)C(F)(F)C(F)(F)C(F)(F)C(F)(F)C(F)(F)C(F)(F)C(F)(F)CCSC}
613.0459138,[C14H14F17N2O3S]- {N(C(CO)CCN(C)C)S(=O)(=O)C(F)(F)C(F)(F)C(F)(F)C(F)(F)C(F)(F)C(F)(F)C(F)(F)C(F)(F)}
614.9564348,[C16H4F17O4S]- {OS(=O)(=O)c1ccc(O\C(=C(/C(F)(F)F)C(F)(F)C(F)(F)C(F)(F)C(F)(F)C(F)(F)C(F)F)C(F)(F)F)cc1}
616.9638236,[C15F23]- {FC(C#C)=C=C(F)C(F)(F)C(F)(F)C(F)(F)C(F)(F)C(F)(F)C(F)(F)C(F)(F)C(F)(F)C(F)(F)C(F)(F)}
616.969639,[C14H5F20SO2]- {C(F)(F)C(F)(F)C(F)(F)C(F)(F)C(F)(F)C(F)(F)C(F)(F)C(F)(F)C(F)(F)C(F)(F)CCSCC(=O)O}
617.0008576,[C13H8F19N2O2S]- {C(F)(F)C(F)(F)C(F)(F)C(F)(F)C(F)(F)C(F)(F)C(F)(F)C(F)(F)C(F)(F)S(=O)(=O)NCCCNC}
618.950207,[C18H3F16SO4]- {[H]C(F)(F)CC(F)(F)CC(F)(F)CC(F)(F)CC(F)(F)CC(F)(F)CC(F)(F)CC(F)(F)CC(F)(F)CS(O)(=O)=O}
618.96063,[C12F25]- {C(F)(F)C(F)(F)C(F)(F)C(F)(F)C(F)(F)C(F)(F)C(F)(F)C(F)(F)C(F)(F)C(F)(F)C(F)(F)C(F)(F)}
620.9587386,[C14F23O]- {OC(=O)C(F)(F)C(F)(F)C(F)(F)C(F)(F)C(F)(F)C(F)(F)C(F)(F)C(F)(F)C(F)(F)C(F)(F)\C(F)=C(/F)CF}
621.0404164,[C14H18F13N2O6S2]- {CN(C)CCCN(CC(O)CS(O)(=O)=O)S(=O)(=O)C(F)(F)C(F)(F)C(F)(F)C(F)(F)C(F)(F)C(F)(F)}
622.9390892,[C16F21S]- {C(F)(F)C(F)(F)C(F)(F)C(F)(F)C(F)(F)C(F)(F)C(F)(F)C(F)(F)C(F)(F)C(F)(F)C(F)(F)C(F)(F)C(F)(F)CCSC}
624.9394834,[C12H2F21SO3]- {C(F)(F)C(F)(F)C(F)(F)C(F)(F)C(F)(F)C(F)(F)C(F)(F)C(F)(F)C(F)(F)C(F)(F)CCS(=O)(=O)O}
626.9539898,[C15H3F20SO2]- {C(F)(F)C(F)(F)C(F)(F)C(F)(F)C(F)(F)C(F)(F)C(F)(F)C(F)(F)C(F)(F)C(F)(F)C(F)(F)CCSCC(=O)O}
628.9649664,[C13HF24O]- {OC(F)(F)C(F)(F)C(F)(F)C(F)(F)C(F)(F)C(F)(F)C(F)(F)C(F)(F)C(F)(F)C(F)(F)C(F)(F)\C(F)=C/F}
628.967194,[C13H4SF23]- {C(F)(F)C(F)(F)C(F)(F)C(F)(F)C(F)(F)C(F)(F)C(F)(F)C(F)(F)C(F)(F)C(F)(F)C(F)(F)CCS}
629.9222374,[C11F22SO3]- {C(F)(F)C(F)(F)C(F)(F)C(F)(F)C(F)(F)C(F)(F)C(F)(F)C(F)(F)C(F)(F)C(F)(F)C(F)(F)S(=O)(=O)O}
630.930062,[C11HF22SO3]- {C(F)(F)C(F)(F)C(F)(F)C(F)(F)C(F)(F)C(F)(F)C(F)(F)C(F)(F)C(F)(F)C(F)(F)C(F)(F)S(=O)(=O)O}
630.96063,[C13F25]- {FC(F)C(F)(F)C(F)(F)C(F)(F)C(F)(F)C(F)(F)C(F)(F)C(F)(F)C(F)(F)C(F)(F)C(\F)=C(/F)C(F)(F)F}
632.9257256,[C11F23SO2]- {S(=O)(=O)C(F)(F)C(F)(F)C(F)(F)C(F)(F)C(F)(F)C(F)(F)C(F)(F)C(F)(F)C(F)(F)C(F)(F)C(F)(F)}
632.9609662,[C15H3F22S]- {FC(=C=CC=CS)C(F)(F)C(F)(F)C(F)(F)C(F)(F)C(F)(F)C(F)(F)C(F)(F)C(F)(F)C(F)(F)C(F)(F)}
632.9609662,[C15H3F22S]- {C(F)(F)C(F)(F)C(F)(F)C(F)(F)C(F)(F)C(F)(F)C(F)(F)C(F)(F)C(F)(F)C(F)(F)C(F)(F)C(F)(F)CCSC}
632.9845396,[C14H8F19O4S]- {C(F)(F)C(F)(F)C(F)(F)C(F)(F)C(F)(F)C(F)(F)C(F)(F)C(F)(F)C(F)(F)CCS(=O)(=O)CCC(=O)O}
633.032156,[C14H12F19N2O2S]- {C(F)(F)C(F)(F)C(F)(F)C(F)(F)C(F)(F)C(F)(F)C(F)(F)C(F)(F)C(F)(F)S(=O)(=O)NCCCN(C)C}
634.0035972,[C13H9F19O3N2S]- {C(F)(F)C(F)(F)C(F)(F)C(F)(F)C(F)(F)C(F)(F)C(F)(F)C(F)(F)C(F)(F)S(=O)(=O)NCCCN(O)(C)C}
634.955545,[C12F25O]- {OC(F)(F)C(F)(F)C(F)(F)C(F)(F)C(F)(F)C(F)(F)C(F)(F)C(F)(F)C(F)(F)C(F)(F)C(F)(F)C(F)(F)}
635.0560656,[C15H20F13N2O6S2]- {CN(C)CCC(CO)N(CCCS(O)(=O)=O)S(=O)(=O)C(F)(F)C(F)(F)C(F)(F)C(F)(F)C(F)(F)C(F)(F)}
636.0364942,[C16H17F15O4NS2]- {C(F)(F)C(F)(F)C(F)(F)C(F)(F)C(F)(F)C(F)(F)C(F)(F)CCSCCC(=O)NC(CS(=O)(=O)O)(C)C}
636.9700514,[C15HF24]- {FC(=CC#C)C(F)(F)C(F)(F)C(F)(F)C(F)(F)C(F)(F)C(F)(F)C(F)(F)C(F)(F)C(F)(F)C(F)(F)C(F)(F)}
636.9758668,[C14H6F21SO2]- {C(F)(F)C(F)(F)C(F)(F)C(F)(F)C(F)(F)C(F)(F)C(F)(F)C(F)(F)C(F)(F)C(F)(F)CCSCC(=O)O}
637.9711162,[C13H5F21NO2S]- {C(F)(F)C(F)(F)C(F)(F)C(F)(F)C(F)(F)C(F)(F)C(F)(F)C(F)(F)C(F)(F)C(F)(F)S(=O)(=O)N(C)CCC}
638.9515448,[C14H2SF23]- {C(F)(F)C(F)(F)C(F)(F)C(F)(F)C(F)(F)C(F)(F)C(F)(F)C(F)(F)C(F)(F)C(F)(F)C(F)(F)C(F)(F)CCS}
638.9564348,[C18H4F17SO4]- {[H]C(F)(F)CC(F)(F)CC(F)(F)CC(F)(F)CC(F)(F)CC(F)(F)CC(F)(F)CC(F)(F)CC(F)(F)CS(O)(=O)=O}
638.9789408,[C13H6F21NO2S]- {S(=O)(=O)NCCCC(F)(F)C(F)(F)C(F)(F)C(F)(F)C(F)(F)C(F)(F)C(F)(F)C(F)(F)C(F)(F)C(F)(F)}
642.930062,[C12HF22SO3]- {OS(=O)(=O)C(F)(F)C(F)(F)C(F)(F)C(F)(F)C(F)(F)C(F)(F)C(F)(F)C(F)(F)C(F)(F)C(F)(F)C(F)CF}
642.945317,[C16HF22S]- {C(F)(F)C(F)(F)C(F)(F)C(F)(F)C(F)(F)C(F)(F)C(F)(F)C(F)(F)C(F)(F)C(F)(F)C(F)(F)C(F)(F)C(F)(F)CCSC}
642.96063,[C14F25]- {C(F)(F)C(F)(F)C(F)(F)C(F)(F)C(F)(F)C(F)(F)C(F)(F)C(F)(F)C(F)(F)C(F)(F)C(F)(F)C(F)(F)C(F)=C}
642.96063,[C14F25]- {F\C=C(\F)C(F)C(F)(F)C(F)(F)C(F)(F)C(F)(F)C(F)(F)C(F)(F)C(F)(F)C(F)(F)C(F)(F)C(F)(F)C(F)(F)}
642.96063,[C14F25]- {OS(=O)(=O)C(F)(F)C(F)(F)C(F)(F)C(F)(F)C(F)(F)C(F)(F)C(F)(F)C(F)(F)C(F)(F)C(F)(F)C(F)(F)C(F)C(\F)=C(/F)}
642.9806156,[C14H3F24O]- {COC(F)(F)C(F)(F)C(F)(F)C(F)(F)C(F)(F)C(F)(F)C(F)(F)C(F)(F)C(F)(F)C(F)(F)\C(F)=C\C(F)(F)F}
646.955545,[C13F25O]- {C(F)(F)C(F)(F)C(F)(F)C(F)(F)C(F)(F)C(F)(F)C(F)(F)C(F)(F)C(F)(F)C(F)(F)C(F)(F)C(F)(F)C(=O)O}
646.955545,[C13F25O]- {FC(=O)C(F)(F)C(F)(F)C(F)(F)C(F)(F)C(F)(F)C(F)(F)C(F)(F)C(F)(F)C(F)(F)C(F)(F)C(F)(F)C(F)(F)}
646.9602176,[C15H4F21SO2]- {C(F)(F)C(F)(F)C(F)(F)C(F)(F)C(F)(F)C(F)(F)C(F)(F)C(F)(F)C(F)(F)C(F)(F)C(F)(F)CCSCC(=O)O}
647.9366242,[C11HF23NO2S]- {C(F)(F)C(F)(F)C(F)(F)C(F)(F)C(F)(F)C(F)(F)C(F)(F)C(F)(F)C(F)(F)C(F)(F)C(F)(F)S(=O)(=O)N}
648.9206406,[C11F23SO3]- {C(F)(F)C(F)(F)C(F)(F)C(F)(F)C(F)(F)C(F)(F)C(F)(F)C(F)(F)C(F)(F)C(F)(F)C(F)(F)S(=O)(=O)O}
650.991516,[C15H8O2SF21]- {C(F)(F)C(F)(F)C(F)(F)C(F)(F)C(F)(F)C(F)(F)C(F)(F)C(F)(F)C(F)(F)C(F)(F)CCSCCC(=O)O}
652.0314092,[C16H17F15O5NS2]- {C(F)(F)C(F)(F)C(F)(F)C(F)(F)C(F)(F)C(F)(F)C(F)(F)CCS(=O)CCC(=O)NC(CS(=O)(=O)O)(C)C}
652.9532412,[C16H4F19O4S] {OS(=O)(=O)c1ccc(O\C(=C(/C(F)(F)F)C(F)(F)C(F)(F)C(F)(F)C(F)(F)C(F)(F)C(F)F)C(F)(F)F)cc1}
654.96063,[C15F25]- {FC(C#C)=C(F)C(F)(F)C(F)(F)C(F)(F)C(F)(F)C(F)(F)C(F)(F)C(F)(F)C(F)(F)C(F)(F)C(F)(F)C(F)(F)}
655.0423078,[C15H18F15N2O5S2]- {C(F)(F)C(F)(F)C(F)(F)C(F)(F)C(F)(F)C(F)(F)C(F)(F)S(=O)(=O)N(CCCS(=O)(=O)O)CCCN(C)C}
656.8927126,[C9F23S2O3]- {S(F)(F)(F)(F)(F)C(F)(F)C(F)(F)C(F)(F)C(F)(F)C(F)(F)C(F)(F)C(F)(F)C(F)(F)C(F)(F)S(=O)(=O)O}
658.955545,[C14F25O]- {OC(=O)C(F)(F)C(F)(F)C(F)(F)C(F)(F)C(F)(F)C(F)(F)C(F)(F)C(F)(F)C(F)(F)C(F)(F)C(F)(F)C(F)(F)CF}
658.955545,[C14F25O]- {OC(F)(F)C(F)(F)C(F)(F)C(F)(F)C(F)(F)C(F)(F)C(F)(F)C(F)(F)C(F)(F)C(F)(F)C(F)(F)C(F)(F)C(F)=C}
658.9577726,[C14H3SF24]- {C(F)(F)C(F)(F)C(F)(F)C(F)(F)C(F)(F)C(F)(F)C(F)(F)C(F)(F)C(F)(F)C(F)(F)C(F)(F)C(F)(F)CCS}
658.9626626,[C18H5F18O4S]- {[H]C(F)(F)CC(F)(F)CC(F)(F)CC(F)(F)CC(F)(F)CC(F)(F)CC(F)(F)CC(F)(F)CC(F)(F)CS(O)(=O)=O}
659.981268,[C14H11F17NO5S2]- {CCCN(CCCS(O)(=O)=O)S(=O)(=O)C(F)(F)C(F)(F)C(F)(F)C(F)(F)C(F)(F)C(F)(F)C(F)(F)C(F)(F)}
660.9206406,[C12F23SO3]- {C(F)(F)C(F)(F)C(F)(F)C(F)(F)C(F)(F)C(F)(F)C(F)(F)C(F)(F)C(F)(F)C(F)(F)C(F)(F)C(F)(F)S(=O)(=O)O}
661.9522734,[C12H3F23NO2S]- {C(F)(F)C(F)(F)C(F)(F)C(F)(F)C(F)(F)C(F)(F)C(F)(F)C(F)(F)C(F)(F)C(F)(F)C(F)(F)S(=O)(=O)NC}
662.9362898,[C12H2F23SO3]- {C(F)(F)C(F)(F)C(F)(F)C(F)(F)C(F)(F)C(F)(F)C(F)(F)C(F)(F)C(F)(F)C(F)(F)C(F)(F)CS(=O)(=O)O}
662.95046,[C13F25O2]- {O=C(=O)C(F)(F)C(F)(F)C(F)(F)C(F)(F)C(F)(F)C(F)(F)C(F)(F)C(F)(F)C(F)(F)C(F)(F)C(F)(F)C(F)(F)F}
662.9515448,[C16H2F23S]- {C(F)(F)C(F)(F)C(F)(F)C(F)(F)C(F)(F)C(F)(F)C(F)(F)C(F)(F)C(F)(F)C(F)(F)C(F)(F)C(F)(F)C(F)(F)CCSC}
663.0427202,[C15H14F19N2O3S]- {N(C(CO)CCN(C)C)S(=O)(=O)C(F)(F)C(F)(F)C(F)(F)C(F)(F)C(F)(F)C(F)(F)C(F)(F)C(F)(F)C(F)(F)}
664.9532412,[C17H4F19O4S]- {OS(=O)(=O)c1ccc(O\C(=C(/C(F)(F)F)C(F)(F)C(F)(F)C(F)(F)C(F)(F)C(F)(F)C(F)(F)C(F)F)C(F)(F)F)cc1}
666.96063,[C16F25]- {FC(C#C)=C=C(F)C(F)(F)C(F)(F)C(F)(F)C(F)(F)C(F)(F)C(F)(F)C(F)(F)C(F)(F)C(F)(F)C(F)(F)C(F)(F)}
666.9664454,[C15H5F22SO2]- {C(F)(F)C(F)(F)C(F)(F)C(F)(F)C(F)(F)C(F)(F)C(F)(F)C(F)(F)C(F)(F)C(F)(F)C(F)(F)CCSCC(=O)O}
666.997664,[C14H8F21N2O2S]- {C(F)(F)C(F)(F)C(F)(F)C(F)(F)C(F)(F)C(F)(F)C(F)(F)C(F)(F)C(F)(F)C(F)(F)S(=O)(=O)NCCCNC}
668.9574364,[C13F27]- {C(F)(F)C(F)(F)C(F)(F)C(F)(F)C(F)(F)C(F)(F)C(F)(F)C(F)(F)C(F)(F)C(F)(F)C(F)(F)C(F)(F)C(F)(F)}
670.955545,[C15F25O]- {OC(=O)C(F)(F)C(F)(F)C(F)(F)C(F)(F)C(F)(F)C(F)(F)C(F)(F)C(F)(F)C(F)(F)C(F)(F)C(F)(F)\C(F)=C(/F)CF}
671.0372228,[C15H18F15N2O6S2]- {CN(C)CCCN(CC(O)CS(O)(=O)=O)S(=O)(=O)C(F)(F)C(F)(F)C(F)(F)C(F)(F)C(F)(F)C(F)(F)C(F)(F)}
672.9358956,[C17F23S]- {C(F)(F)C(F)(F)C(F)(F)C(F)(F)C(F)(F)C(F)(F)C(F)(F)C(F)(F)C(F)(F)C(F)(F)C(F)(F)C(F)(F)C(F)(F)C(F)(F)CCSC}
674.9362898,[C13H2F23SO3]- {C(F)(F)C(F)(F)C(F)(F)C(F)(F)C(F)(F)C(F)(F)C(F)(F)C(F)(F)C(F)(F)C(F)(F)C(F)(F)CCS(=O)(=O)O}
676.9507962,[C16H3F22SO2]- {C(F)(F)C(F)(F)C(F)(F)C(F)(F)C(F)(F)C(F)(F)C(F)(F)C(F)(F)C(F)(F)C(F)(F)C(F)(F)C(F)(F)CCSCC(=O)O}
678.9617728,[C14HF26O]- {OC(F)(F)C(F)(F)C(F)(F)C(F)(F)C(F)(F)C(F)(F)C(F)(F)C(F)(F)C(F)(F)C(F)(F)C(F)(F)C(F)(F)\C(F)=C/F}
678.9640004,[C14H4SF25]- {C(F)(F)C(F)(F)C(F)(F)C(F)(F)C(F)(F)C(F)(F)C(F)(F)C(F)(F)C(F)(F)C(F)(F)C(F)(F)C(F)(F)CCS}
679.9190438,[C12F24SO3]- {C(F)(F)C(F)(F)C(F)(F)C(F)(F)C(F)(F)C(F)(F)C(F)(F)C(F)(F)C(F)(F)C(F)(F)C(F)(F)C(F)(F)S(=O)(=O)O}
680.9268684,[C12HF24SO3]- {C(F)(F)C(F)(F)C(F)(F)C(F)(F)C(F)(F)C(F)(F)C(F)(F)C(F)(F)C(F)(F)C(F)(F)C(F)(F)C(F)(F)S(=O)(=O)O}
680.9470134,[C20H3F18SO4]- {[H]C(F)(F)CC(F)(F)CC(F)(F)CC(F)(F)CC(F)(F)CC(F)(F)CC(F)(F)CC(F)(F)CC(F)(F)CC(F)(F)CS(O)(=O)=O}
680.9574364,[C14F27]- {FC(F)C(F)(F)C(F)(F)C(F)(F)C(F)(F)C(F)(F)C(F)(F)C(F)(F)C(F)(F)C(F)(F)C(F)(F)C(\F)=C(/F)C(F)(F)F}
682.922532,[C12F25SO2]- {S(=O)(=O)C(F)(F)C(F)(F)C(F)(F)C(F)(F)C(F)(F)C(F)(F)C(F)(F)C(F)(F)C(F)(F)C(F)(F)C(F)(F)C(F)(F)}
682.9577726,[C16H3F24S]- {FC(=C=CC=CS)C(F)(F)C(F)(F)C(F)(F)C(F)(F)C(F)(F)C(F)(F)C(F)(F)C(F)(F)C(F)(F)C(F)(F)C(F)(F)}
682.9577726,[C16H3F24S]- {C(F)(F)C(F)(F)C(F)(F)C(F)(F)C(F)(F)C(F)(F)C(F)(F)C(F)(F)C(F)(F)C(F)(F)C(F)(F)C(F)(F)C(F)(F)CCSC}
682.981346,[C15H8F21O4S]- {C(F)(F)C(F)(F)C(F)(F)C(F)(F)C(F)(F)C(F)(F)C(F)(F)C(F)(F)C(F)(F)C(F)(F)CCS(=O)(=O)CCC(=O)O}
683.0289624,[C15H12F21N2O2S]- {C(F)(F)C(F)(F)C(F)(F)C(F)(F)C(F)(F)C(F)(F)C(F)(F)C(F)(F)C(F)(F)C(F)(F)S(=O)(=O)NCCCN(C)C}
684.0004036,[C14H9F21O3N2S]- {C(F)(F)C(F)(F)C(F)(F)C(F)(F)C(F)(F)C(F)(F)C(F)(F)C(F)(F)C(F)(F)C(F)(F)S(=O)(=O)NCCCN(O)(C)C}
684.9523514,[C13F27O]- {OC(F)(F)C(F)(F)C(F)(F)C(F)(F)C(F)(F)C(F)(F)C(F)(F)C(F)(F)C(F)(F)C(F)(F)C(F)(F)C(F)(F)C(F)(F)}
685.052872,[C16H20F15N2O6S2]- {CN(C)CCC(CO)N(CCCS(O)(=O)=O)S(=O)(=O)C(F)(F)C(F)(F)C(F)(F)C(F)(F)C(F)(F)C(F)(F)C(F)(F)}
686.0333006,[C17H17F17O4NS2]- {C(F)(F)C(F)(F)C(F)(F)C(F)(F)C(F)(F)C(F)(F)C(F)(F)C(F)(F)CCSCCC(=O)NC(CS(=O)(=O)O)(C)C}
686.9668578,[C16HF26]- {FC(=CC#C)C(F)(F)C(F)(F)C(F)(F)C(F)(F)C(F)(F)C(F)(F)C(F)(F)C(F)(F)C(F)(F)C(F)(F)C(F)(F)C(F)(F)}
686.9726732,[C15H6F23SO2]- {C(F)(F)C(F)(F)C(F)(F)C(F)(F)C(F)(F)C(F)(F)C(F)(F)C(F)(F)C(F)(F)C(F)(F)C(F)(F)CCSCC(=O)O}
687.9679226,[C14H5F23NO2S]- {C(F)(F)C(F)(F)C(F)(F)C(F)(F)C(F)(F)C(F)(F)C(F)(F)C(F)(F)C(F)(F)C(F)(F)C(F)(F)S(=O)(=O)N(C)CCC}
688.9483512,[C15H2SF25]- {C(F)(F)C(F)(F)C(F)(F)C(F)(F)C(F)(F)C(F)(F)C(F)(F)C(F)(F)C(F)(F)C(F)(F)C(F)(F)C(F)(F)C(F)(F)CCS}
688.9757472,[C14H6F23NO2S]- {S(=O)(=O)NCCCC(F)(F)C(F)(F)C(F)(F)C(F)(F)C(F)(F)C(F)(F)C(F)(F)C(F)(F)C(F)(F)C(F)(F)C(F)(F)}
692.9268684,[C13HF24SO3]- {OS(=O)(=O)C(F)(F)C(F)(F)C(F)(F)C(F)(F)C(F)(F)C(F)(F)C(F)(F)C(F)(F)C(F)(F)C(F)(F)C(F)(F)C(F)CF}
692.9421234,[C17HF24S]- {C(F)(F)C(F)(F)C(F)(F)C(F)(F)C(F)(F)C(F)(F)C(F)(F)C(F)(F)C(F)(F)C(F)(F)C(F)(F)C(F)(F)C(F)(F)C(F)(F)CCSC}
692.9574364,[C15F27]- {C(F)(F)C(F)(F)C(F)(F)C(F)(F)C(F)(F)C(F)(F)C(F)(F)C(F)(F)C(F)(F)C(F)(F)C(F)(F)C(F)(F)C(F)(F)C(F)=C}
692.9574364,[C15F27]- {F\C=C(\F)C(F)C(F)(F)C(F)(F)C(F)(F)C(F)(F)C(F)(F)C(F)(F)C(F)(F)C(F)(F)C(F)(F)C(F)(F)C(F)(F)C(F)(F)}
692.9574364,[C15F27]- {OS(=O)(=O)C(F)(F)C(F)(F)C(F)(F)C(F)(F)C(F)(F)C(F)(F)C(F)(F)C(F)(F)C(F)(F)C(F)(F)C(F)(F)C(F)(F)C(F)C(\F)=C(/F)}
692.977422,[C15H3F26O]- {COC(F)(F)C(F)(F)C(F)(F)C(F)(F)C(F)(F)C(F)(F)C(F)(F)C(F)(F)C(F)(F)C(F)(F)C(F)(F)\C(F)=C\C(F)(F)F}
696.9523514,[C14F27O]- {C(F)(F)C(F)(F)C(F)(F)C(F)(F)C(F)(F)C(F)(F)C(F)(F)C(F)(F)C(F)(F)C(F)(F)C(F)(F)C(F)(F)C(F)(F)C(=O)O}
696.9523514,[C14F27O]- {FC(=O)C(F)(F)C(F)(F)C(F)(F)C(F)(F)C(F)(F)C(F)(F)C(F)(F)C(F)(F)C(F)(F)C(F)(F)C(F)(F)C(F)(F)C(F)(F)}
696.957024,[C16H4F23SO2]- {C(F)(F)C(F)(F)C(F)(F)C(F)(F)C(F)(F)C(F)(F)C(F)(F)C(F)(F)C(F)(F)C(F)(F)C(F)(F)C(F)(F)CCSCC(=O)O}
697.9334306,[C12HF25NO2S]- {C(F)(F)C(F)(F)C(F)(F)C(F)(F)C(F)(F)C(F)(F)C(F)(F)C(F)(F)C(F)(F)C(F)(F)C(F)(F)C(F)(F)S(=O)(=O)N}
698.917447,[C12F25SO3]- {C(F)(F)C(F)(F)C(F)(F)C(F)(F)C(F)(F)C(F)(F)C(F)(F)C(F)(F)C(F)(F)C(F)(F)C(F)(F)C(F)(F)S(=O)(=O)O}
700.9532412,[C20H4F19SO4]- {[H]C(F)(F)CC(F)(F)CC(F)(F)CC(F)(F)CC(F)(F)CC(F)(F)CC(F)(F)CC(F)(F)CC(F)(F)CC(F)(F)CS(O)(=O)=O}
700.9883224,[C16H8O2SF23]- {C(F)(F)C(F)(F)C(F)(F)C(F)(F)C(F)(F)C(F)(F)C(F)(F)C(F)(F)C(F)(F)C(F)(F)C(F)(F)CCSCCC(=O)O}
702.0282156,[C17H17F17O5NS2]- {C(F)(F)C(F)(F)C(F)(F)C(F)(F)C(F)(F)C(F)(F)C(F)(F)C(F)(F)CCS(=O)CCC(=O)NC(CS(=O)(=O)O)(C)C}
702.9500476,[C17H4F21O4S] {OS(=O)(=O)c1ccc(O\C(=C(/C(F)(F)F)C(F)(F)C(F)(F)C(F)(F)C(F)(F)C(F)(F)C(F)(F)C(F)F)C(F)(F)F)cc1}
704.9574364,[C16F27]- {FC(C#C)=C(F)C(F)(F)C(F)(F)C(F)(F)C(F)(F)C(F)(F)C(F)(F)C(F)(F)C(F)(F)C(F)(F)C(F)(F)C(F)(F)C(F)(F)}
705.0391142,[C16H18F17N2O5S2]- {C(F)(F)C(F)(F)C(F)(F)C(F)(F)C(F)(F)C(F)(F)C(F)(F)C(F)(F)S(=O)(=O)N(CCCS(=O)(=O)O)CCCN(C)C}
706.889519,[C10F25S2O3]- {S(F)(F)(F)(F)(F)C(F)(F)C(F)(F)C(F)(F)C(F)(F)C(F)(F)C(F)(F)C(F)(F)C(F)(F)C(F)(F)C(F)(F)S(=O)(=O)O}
708.9523514,[C15F27O]- {OC(=O)C(F)(F)C(F)(F)C(F)(F)C(F)(F)C(F)(F)C(F)(F)C(F)(F)C(F)(F)C(F)(F)C(F)(F)C(F)(F)C(F)(F)C(F)(F)CF}
708.9523514,[C15F27O]- {OC(F)(F)C(F)(F)C(F)(F)C(F)(F)C(F)(F)C(F)(F)C(F)(F)C(F)(F)C(F)(F)C(F)(F)C(F)(F)C(F)(F)C(F)(F)C(F)=C}
708.954579,[C15H3SF26]- {C(F)(F)C(F)(F)C(F)(F)C(F)(F)C(F)(F)C(F)(F)C(F)(F)C(F)(F)C(F)(F)C(F)(F)C(F)(F)C(F)(F)C(F)(F)CCS}
709.9780744,[C15H11F19NO5S2]- {CCCN(CCCS(O)(=O)=O)S(=O)(=O)C(F)(F)C(F)(F)C(F)(F)C(F)(F)C(F)(F)C(F)(F)C(F)(F)C(F)(F)C(F)(F)}
710.917447,[C13F25SO3]- {C(F)(F)C(F)(F)C(F)(F)C(F)(F)C(F)(F)C(F)(F)C(F)(F)C(F)(F)C(F)(F)C(F)(F)C(F)(F)C(F)(F)C(F)(F)S(=O)(=O)O}
711.9490798,[C13H3F25NO2S]- {C(F)(F)C(F)(F)C(F)(F)C(F)(F)C(F)(F)C(F)(F)C(F)(F)C(F)(F)C(F)(F)C(F)(F)C(F)(F)C(F)(F)S(=O)(=O)NC}
712.9330962,[C13H2F25SO3]- {C(F)(F)C(F)(F)C(F)(F)C(F)(F)C(F)(F)C(F)(F)C(F)(F)C(F)(F)C(F)(F)C(F)(F)C(F)(F)C(F)(F)CS(=O)(=O)O}
712.9472664,[C14F27O2]- {O=C(=O)C(F)(F)C(F)(F)C(F)(F)C(F)(F)C(F)(F)C(F)(F)C(F)(F)C(F)(F)C(F)(F)C(F)(F)C(F)(F)C(F)(F)C(F)(F)F}
712.9483512,[C17H2F25S]- {C(F)(F)C(F)(F)C(F)(F)C(F)(F)C(F)(F)C(F)(F)C(F)(F)C(F)(F)C(F)(F)C(F)(F)C(F)(F)C(F)(F)C(F)(F)C(F)(F)CCSC}
713.0395266,[C16H14F21N2O3S]- {N(C(CO)CCN(C)C)S(=O)(=O)C(F)(F)C(F)(F)C(F)(F)C(F)(F)C(F)(F)C(F)(F)C(F)(F)C(F)(F)C(F)(F)C(F)(F)}
714.9500476,[C18H4F21O4S]- {OS(=O)(=O)c1ccc(O\C(=C(/C(F)(F)F)C(F)(F)C(F)(F)C(F)(F)C(F)(F)C(F)(F)C(F)(F)C(F)(F)C(F)F)C(F)(F)F)cc1}
716.9574364,[C17F27]- {FC(C#C)=C=C(F)C(F)(F)C(F)(F)C(F)(F)C(F)(F)C(F)(F)C(F)(F)C(F)(F)C(F)(F)C(F)(F)C(F)(F)C(F)(F)C(F)(F)}
716.9632518,[C16H5F24SO2]- {C(F)(F)C(F)(F)C(F)(F)C(F)(F)C(F)(F)C(F)(F)C(F)(F)C(F)(F)C(F)(F)C(F)(F)C(F)(F)C(F)(F)CCSCC(=O)O}
716.9944704,[C15H8F23N2O2S]- {C(F)(F)C(F)(F)C(F)(F)C(F)(F)C(F)(F)C(F)(F)C(F)(F)C(F)(F)C(F)(F)C(F)(F)C(F)(F)S(=O)(=O)NCCCNC}
718.9542428,[C14F29]- {C(F)(F)C(F)(F)C(F)(F)C(F)(F)C(F)(F)C(F)(F)C(F)(F)C(F)(F)C(F)(F)C(F)(F)C(F)(F)C(F)(F)C(F)(F)C(F)(F)}
720.9523514,[C16F27O]- {OC(=O)C(F)(F)C(F)(F)C(F)(F)C(F)(F)C(F)(F)C(F)(F)C(F)(F)C(F)(F)C(F)(F)C(F)(F)C(F)(F)C(F)(F)\C(F)=C(/F)CF}
720.959469,[C20H5F20O4S]- {[H]C(F)(F)CC(F)(F)CC(F)(F)CC(F)(F)CC(F)(F)CC(F)(F)CC(F)(F)CC(F)(F)CC(F)(F)CC(F)(F)CS(O)(=O)=O}
721.0340292,[C16H18F17N2O6S2]- {CN(C)CCCN(CC(O)CS(O)(=O)=O)S(=O)(=O)C(F)(F)C(F)(F)C(F)(F)C(F)(F)C(F)(F)C(F)(F)C(F)(F)C(F)(F)}
724.9330962,[C14H2F25SO3]- {C(F)(F)C(F)(F)C(F)(F)C(F)(F)C(F)(F)C(F)(F)C(F)(F)C(F)(F)C(F)(F)C(F)(F)C(F)(F)C(F)(F)CCS(=O)(=O)O}
726.9476026,[C17H3F24SO2]- {C(F)(F)C(F)(F)C(F)(F)C(F)(F)C(F)(F)C(F)(F)C(F)(F)C(F)(F)C(F)(F)C(F)(F)C(F)(F)C(F)(F)C(F)(F)CCSCC(=O)O}
728.9585792,[C15HF28O]- {OC(F)(F)C(F)(F)C(F)(F)C(F)(F)C(F)(F)C(F)(F)C(F)(F)C(F)(F)C(F)(F)C(F)(F)C(F)(F)C(F)(F)C(F)(F)\C(F)=C/F}
728.9608068,[C15H4SF27]- {C(F)(F)C(F)(F)C(F)(F)C(F)(F)C(F)(F)C(F)(F)C(F)(F)C(F)(F)C(F)(F)C(F)(F)C(F)(F)C(F)(F)C(F)(F)CCS}
729.9158502,[C13F26SO3]- {C(F)(F)C(F)(F)C(F)(F)C(F)(F)C(F)(F)C(F)(F)C(F)(F)C(F)(F)C(F)(F)C(F)(F)C(F)(F)C(F)(F)C(F)(F)S(=O)(=O)O}
730.9236748,[C13HF26SO3]- {C(F)(F)C(F)(F)C(F)(F)C(F)(F)C(F)(F)C(F)(F)C(F)(F)C(F)(F)C(F)(F)C(F)(F)C(F)(F)C(F)(F)C(F)(F)S(=O)(=O)O}
730.9542428,[C15F29]- {FC(F)C(F)(F)C(F)(F)C(F)(F)C(F)(F)C(F)(F)C(F)(F)C(F)(F)C(F)(F)C(F)(F)C(F)(F)C(F)(F)C(\F)=C(/F)C(F)(F)F}
732.9193384,[C13F27SO2]- {S(=O)(=O)C(F)(F)C(F)(F)C(F)(F)C(F)(F)C(F)(F)C(F)(F)C(F)(F)C(F)(F)C(F)(F)C(F)(F)C(F)(F)C(F)(F)C(F)(F)}
732.954579,[C17H3F26S]- {FC(=C=CC=CS)C(F)(F)C(F)(F)C(F)(F)C(F)(F)C(F)(F)C(F)(F)C(F)(F)C(F)(F)C(F)(F)C(F)(F)C(F)(F)C(F)(F)}
732.954579,[C17H3F26S]- {C(F)(F)C(F)(F)C(F)(F)C(F)(F)C(F)(F)C(F)(F)C(F)(F)C(F)(F)C(F)(F)C(F)(F)C(F)(F)C(F)(F)C(F)(F)C(F)(F)CCSC}
732.9781524,[C16H8F23O4S]- {C(F)(F)C(F)(F)C(F)(F)C(F)(F)C(F)(F)C(F)(F)C(F)(F)C(F)(F)C(F)(F)C(F)(F)C(F)(F)CCS(=O)(=O)CCC(=O)O}
733.0257688,[C16H12F23N2O2S]- {C(F)(F)C(F)(F)C(F)(F)C(F)(F)C(F)(F)C(F)(F)C(F)(F)C(F)(F)C(F)(F)C(F)(F)C(F)(F)S(=O)(=O)NCCCN(C)C}
733.99721,[C15H9F23O3N2S]- {C(F)(F)C(F)(F)C(F)(F)C(F)(F)C(F)(F)C(F)(F)C(F)(F)C(F)(F)C(F)(F)C(F)(F)C(F)(F)S(=O)(=O)NCCCN(O)(C)C}
734.9491578,[C14F29O]- {OC(F)(F)C(F)(F)C(F)(F)C(F)(F)C(F)(F)C(F)(F)C(F)(F)C(F)(F)C(F)(F)C(F)(F)C(F)(F)C(F)(F)C(F)(F)C(F)(F)}
735.0496784,[C17H20F17N2O6S2]- {CN(C)CCC(CO)N(CCCS(O)(=O)=O)S(=O)(=O)C(F)(F)C(F)(F)C(F)(F)C(F)(F)C(F)(F)C(F)(F)C(F)(F)C(F)(F)}
736.030107,[C18H17F19O4NS2]- {C(F)(F)C(F)(F)C(F)(F)C(F)(F)C(F)(F)C(F)(F)C(F)(F)C(F)(F)C(F)(F)CCSCCC(=O)NC(CS(=O)(=O)O)(C)C}
736.9636642,[C17HF28]- {FC(=CC#C)C(F)(F)C(F)(F)C(F)(F)C(F)(F)C(F)(F)C(F)(F)C(F)(F)C(F)(F)C(F)(F)C(F)(F)C(F)(F)C(F)(F)C(F)(F)}
736.9694796,[C16H6F25SO2]- {C(F)(F)C(F)(F)C(F)(F)C(F)(F)C(F)(F)C(F)(F)C(F)(F)C(F)(F)C(F)(F)C(F)(F)C(F)(F)C(F)(F)CCSCC(=O)O}
737.964729,[C15H5F25NO2S]- {C(F)(F)C(F)(F)C(F)(F)C(F)(F)C(F)(F)C(F)(F)C(F)(F)C(F)(F)C(F)(F)C(F)(F)C(F)(F)C(F)(F)S(=O)(=O)N(C)CCC}
738.9451576,[C16H2SF27]- {C(F)(F)C(F)(F)C(F)(F)C(F)(F)C(F)(F)C(F)(F)C(F)(F)C(F)(F)C(F)(F)C(F)(F)C(F)(F)C(F)(F)C(F)(F)C(F)(F)CCS}
738.9725536,[C15H6F25NO2S]- {S(=O)(=O)NCCCC(F)(F)C(F)(F)C(F)(F)C(F)(F)C(F)(F)C(F)(F)C(F)(F)C(F)(F)C(F)(F)C(F)(F)C(F)(F)C(F)(F)}
742.9236748,[C14HF26SO3]- {OS(=O)(=O)C(F)(F)C(F)(F)C(F)(F)C(F)(F)C(F)(F)C(F)(F)C(F)(F)C(F)(F)C(F)(F)C(F)(F)C(F)(F)C(F)(F)C(F)CF}
742.9438198,[C22H3F20SO4]- {[H]C(F)(F)CC(F)(F)CC(F)(F)CC(F)(F)CC(F)(F)CC(F)(F)CC(F)(F)CC(F)(F)CC(F)(F)CC(F)(F)CC(F)(F)CS(O)(=O)=O}
742.9542428,[C16F29]- {C(F)(F)C(F)(F)C(F)(F)C(F)(F)C(F)(F)C(F)(F)C(F)(F)C(F)(F)C(F)(F)C(F)(F)C(F)(F)C(F)(F)C(F)(F)C(F)(F)C(F)=C}
742.9542428,[C16F29]- {F\C=C(\F)C(F)C(F)(F)C(F)(F)C(F)(F)C(F)(F)C(F)(F)C(F)(F)C(F)(F)C(F)(F)C(F)(F)C(F)(F)C(F)(F)C(F)(F)C(F)(F)}
742.9542428,[C16F29]- {OS(=O)(=O)C(F)(F)C(F)(F)C(F)(F)C(F)(F)C(F)(F)C(F)(F)C(F)(F)C(F)(F)C(F)(F)C(F)(F)C(F)(F)C(F)(F)C(F)(F)C(F)C(\F)=C(/F)}
742.9742284,[C16H3F28O]- {COC(F)(F)C(F)(F)C(F)(F)C(F)(F)C(F)(F)C(F)(F)C(F)(F)C(F)(F)C(F)(F)C(F)(F)C(F)(F)C(F)(F)\C(F)=C\C(F)(F)F}
746.9491578,[C15F29O]- {C(F)(F)C(F)(F)C(F)(F)C(F)(F)C(F)(F)C(F)(F)C(F)(F)C(F)(F)C(F)(F)C(F)(F)C(F)(F)C(F)(F)C(F)(F)C(F)(F)C(=O)O}
746.9491578,[C15F29O]- {FC(=O)C(F)(F)C(F)(F)C(F)(F)C(F)(F)C(F)(F)C(F)(F)C(F)(F)C(F)(F)C(F)(F)C(F)(F)C(F)(F)C(F)(F)C(F)(F)C(F)(F)}
746.9538304,[C17H4F25SO2]- {C(F)(F)C(F)(F)C(F)(F)C(F)(F)C(F)(F)C(F)(F)C(F)(F)C(F)(F)C(F)(F)C(F)(F)C(F)(F)C(F)(F)C(F)(F)CCSCC(=O)O}
747.930237,[C13HF27NO2S]- {C(F)(F)C(F)(F)C(F)(F)C(F)(F)C(F)(F)C(F)(F)C(F)(F)C(F)(F)C(F)(F)C(F)(F)C(F)(F)C(F)(F)C(F)(F)S(=O)(=O)N}
748.9142534,[C13F27SO3]- {C(F)(F)C(F)(F)C(F)(F)C(F)(F)C(F)(F)C(F)(F)C(F)(F)C(F)(F)C(F)(F)C(F)(F)C(F)(F)C(F)(F)C(F)(F)S(=O)(=O)O}
750.9851288,[C17H8O2SF25]- {C(F)(F)C(F)(F)C(F)(F)C(F)(F)C(F)(F)C(F)(F)C(F)(F)C(F)(F)C(F)(F)C(F)(F)C(F)(F)C(F)(F)CCSCCC(=O)O}
752.025022,[C18H17F19O5NS2]- {C(F)(F)C(F)(F)C(F)(F)C(F)(F)C(F)(F)C(F)(F)C(F)(F)C(F)(F)C(F)(F)CCS(=O)CCC(=O)NC(CS(=O)(=O)O)(C)C}
752.946854,[C18H4F23O4S] {OS(=O)(=O)c1ccc(O\C(=C(/C(F)(F)F)C(F)(F)C(F)(F)C(F)(F)C(F)(F)C(F)(F)C(F)(F)C(F)(F)C(F)F)C(F)(F)F)cc1}
754.9542428,[C17F29]- {FC(C#C)=C(F)C(F)(F)C(F)(F)C(F)(F)C(F)(F)C(F)(F)C(F)(F)C(F)(F)C(F)(F)C(F)(F)C(F)(F)C(F)(F)C(F)(F)C(F)(F)}
755.0359206,[C17H18F19N2O5S2]- {C(F)(F)C(F)(F)C(F)(F)C(F)(F)C(F)(F)C(F)(F)C(F)(F)C(F)(F)C(F)(F)S(=O)(=O)N(CCCS(=O)(=O)O)CCCN(C)C}
756.8863254,[C11F27S2O3]- {S(F)(F)(F)(F)(F)C(F)(F)C(F)(F)C(F)(F)C(F)(F)C(F)(F)C(F)(F)C(F)(F)C(F)(F)C(F)(F)C(F)(F)C(F)(F)S(=O)(=O)O}
758.9491578,[C16F29O]- {OC(=O)C(F)(F)C(F)(F)C(F)(F)C(F)(F)C(F)(F)C(F)(F)C(F)(F)C(F)(F)C(F)(F)C(F)(F)C(F)(F)C(F)(F)C(F)(F)C(F)(F)CF}
758.9491578,[C16F29O]- {OC(F)(F)C(F)(F)C(F)(F)C(F)(F)C(F)(F)C(F)(F)C(F)(F)C(F)(F)C(F)(F)C(F)(F)C(F)(F)C(F)(F)C(F)(F)C(F)(F)C(F)=C}
758.9513854,[C16H3SF28]- {C(F)(F)C(F)(F)C(F)(F)C(F)(F)C(F)(F)C(F)(F)C(F)(F)C(F)(F)C(F)(F)C(F)(F)C(F)(F)C(F)(F)C(F)(F)C(F)(F)CCS}
759.9748808,[C16H11F21NO5S2]- {CCCN(CCCS(O)(=O)=O)S(=O)(=O)C(F)(F)C(F)(F)C(F)(F)C(F)(F)C(F)(F)C(F)(F)C(F)(F)C(F)(F)C(F)(F)C(F)(F)}
760.9142534,[C14F27SO3]- {C(F)(F)C(F)(F)C(F)(F)C(F)(F)C(F)(F)C(F)(F)C(F)(F)C(F)(F)C(F)(F)C(F)(F)C(F)(F)C(F)(F)C(F)(F)C(F)(F)S(=O)(=O)O}
761.9458862,[C14H3F27NO2S]- {C(F)(F)C(F)(F)C(F)(F)C(F)(F)C(F)(F)C(F)(F)C(F)(F)C(F)(F)C(F)(F)C(F)(F)C(F)(F)C(F)(F)C(F)(F)S(=O)(=O)NC}
762.9299026,[C14H2F27SO3]- {C(F)(F)C(F)(F)C(F)(F)C(F)(F)C(F)(F)C(F)(F)C(F)(F)C(F)(F)C(F)(F)C(F)(F)C(F)(F)C(F)(F)C(F)(F)CS(=O)(=O)O}
762.9440728,[C15F29O2]- {O=C(=O)C(F)(F)C(F)(F)C(F)(F)C(F)(F)C(F)(F)C(F)(F)C(F)(F)C(F)(F)C(F)(F)C(F)(F)C(F)(F)C(F)(F)C(F)(F)C(F)(F)F}
762.9500476,[C22H4F21SO4]- {[H]C(F)(F)CC(F)(F)CC(F)(F)CC(F)(F)CC(F)(F)CC(F)(F)CC(F)(F)CC(F)(F)CC(F)(F)CC(F)(F)CC(F)(F)CS(O)(=O)=O}
763.036333,[C17H14F23N2O3S]- {N(C(CO)CCN(C)C)S(=O)(=O)C(F)(F)C(F)(F)C(F)(F)C(F)(F)C(F)(F)C(F)(F)C(F)(F)C(F)(F)C(F)(F)C(F)(F)C(F)(F)}
764.946854,[C19H4F23O4S]- {OS(=O)(=O)c1ccc(O\C(=C(/C(F)(F)F)C(F)(F)C(F)(F)C(F)(F)C(F)(F)C(F)(F)C(F)(F)C(F)(F)C(F)(F)C(F)F)C(F)(F)F)cc1}
766.9542428,[C18F29]- {FC(C#C)=C=C(F)C(F)(F)C(F)(F)C(F)(F)C(F)(F)C(F)(F)C(F)(F)C(F)(F)C(F)(F)C(F)(F)C(F)(F)C(F)(F)C(F)(F)C(F)(F)}
766.9600582,[C17H5F26SO2]- {C(F)(F)C(F)(F)C(F)(F)C(F)(F)C(F)(F)C(F)(F)C(F)(F)C(F)(F)C(F)(F)C(F)(F)C(F)(F)C(F)(F)C(F)(F)CCSCC(=O)O}
766.9912768,[C16H8F25N2O2S]- {C(F)(F)C(F)(F)C(F)(F)C(F)(F)C(F)(F)C(F)(F)C(F)(F)C(F)(F)C(F)(F)C(F)(F)C(F)(F)C(F)(F)S(=O)(=O)NCCCNC}
770.9491578,[C17F29O]- {OC(=O)C(F)(F)C(F)(F)C(F)(F)C(F)(F)C(F)(F)C(F)(F)C(F)(F)C(F)(F)C(F)(F)C(F)(F)C(F)(F)C(F)(F)C(F)(F)\C(F)=C(/F)CF}
771.0308356,[C17H18F19N2O6S2]- {CN(C)CCCN(CC(O)CS(O)(=O)=O)S(=O)(=O)C(F)(F)C(F)(F)C(F)(F)C(F)(F)C(F)(F)C(F)(F)C(F)(F)C(F)(F)C(F)(F)}
774.9299026,[C15H2F27SO3]- {C(F)(F)C(F)(F)C(F)(F)C(F)(F)C(F)(F)C(F)(F)C(F)(F)C(F)(F)C(F)(F)C(F)(F)C(F)(F)C(F)(F)C(F)(F)CCS(=O)(=O)O}
776.944409,[C18H3F26SO2]- {C(F)(F)C(F)(F)C(F)(F)C(F)(F)C(F)(F)C(F)(F)C(F)(F)C(F)(F)C(F)(F)C(F)(F)C(F)(F)C(F)(F)C(F)(F)C(F)(F)CCSCC(=O)O}
778.9389878,[C15F29O3]- {}
778.9553856,[C16HF30O]- {OC(F)(F)C(F)(F)C(F)(F)C(F)(F)C(F)(F)C(F)(F)C(F)(F)C(F)(F)C(F)(F)C(F)(F)C(F)(F)C(F)(F)C(F)(F)C(F)(F)\C(F)=C/F}
778.9576132,[C16H4SF29]- {C(F)(F)C(F)(F)C(F)(F)C(F)(F)C(F)(F)C(F)(F)C(F)(F)C(F)(F)C(F)(F)C(F)(F)C(F)(F)C(F)(F)C(F)(F)C(F)(F)CCS}
779.9126566,[C14F28SO3]- {C(F)(F)C(F)(F)C(F)(F)C(F)(F)C(F)(F)C(F)(F)C(F)(F)C(F)(F)C(F)(F)C(F)(F)C(F)(F)C(F)(F)C(F)(F)C(F)(F)S(=O)(=O)O}
780.9204812,[C14HF28SO3]- {C(F)(F)C(F)(F)C(F)(F)C(F)(F)C(F)(F)C(F)(F)C(F)(F)C(F)(F)C(F)(F)C(F)(F)C(F)(F)C(F)(F)C(F)(F)C(F)(F)S(=O)(=O)O}
780.9510492,[C16F31]- {FC(F)C(F)(F)C(F)(F)C(F)(F)C(F)(F)C(F)(F)C(F)(F)C(F)(F)C(F)(F)C(F)(F)C(F)(F)C(F)(F)C(F)(F)C(\F)=C(/F)C(F)(F)F}
782.9161448,[C14F29SO2]- {S(=O)(=O)C(F)(F)C(F)(F)C(F)(F)C(F)(F)C(F)(F)C(F)(F)C(F)(F)C(F)(F)C(F)(F)C(F)(F)C(F)(F)C(F)(F)C(F)(F)C(F)(F)}
782.9513854,[C18H3F28S]- {FC(=C=CC=CS)C(F)(F)C(F)(F)C(F)(F)C(F)(F)C(F)(F)C(F)(F)C(F)(F)C(F)(F)C(F)(F)C(F)(F)C(F)(F)C(F)(F)C(F)(F)}
782.9562754,[C22H5F22O4S]- {[H]C(F)(F)CC(F)(F)CC(F)(F)CC(F)(F)CC(F)(F)CC(F)(F)CC(F)(F)CC(F)(F)CC(F)(F)CC(F)(F)CC(F)(F)CS(O)(=O)=O}
782.9749588,[C17H8F25O4S]- {C(F)(F)C(F)(F)C(F)(F)C(F)(F)C(F)(F)C(F)(F)C(F)(F)C(F)(F)C(F)(F)C(F)(F)C(F)(F)C(F)(F)CCS(=O)(=O)CCC(=O)O}
783.0225752,[C17H12F25N2O2S]- {C(F)(F)C(F)(F)C(F)(F)C(F)(F)C(F)(F)C(F)(F)C(F)(F)C(F)(F)C(F)(F)C(F)(F)C(F)(F)C(F)(F)S(=O)(=O)NCCCN(C)C}
783.9940164,[C16H9F25O3N2S]- {C(F)(F)C(F)(F)C(F)(F)C(F)(F)C(F)(F)C(F)(F)C(F)(F)C(F)(F)C(F)(F)C(F)(F)C(F)(F)C(F)(F)S(=O)(=O)NCCCN(O)(C)C}
785.0464848,[C18H20F19N2O6S2]- {CN(C)CCC(CO)N(CCCS(O)(=O)=O)S(=O)(=O)C(F)(F)C(F)(F)C(F)(F)C(F)(F)C(F)(F)C(F)(F)C(F)(F)C(F)(F)C(F)(F)}
786.0269134,[C19H17F21O4NS2]- {C(F)(F)C(F)(F)C(F)(F)C(F)(F)C(F)(F)C(F)(F)C(F)(F)C(F)(F)C(F)(F)C(F)(F)CCSCCC(=O)NC(CS(=O)(=O)O)(C)C}
786.9604706,[C18HF30]- {FC(=CC#C)C(F)(F)C(F)(F)C(F)(F)C(F)(F)C(F)(F)C(F)(F)C(F)(F)C(F)(F)C(F)(F)C(F)(F)C(F)(F)C(F)(F)C(F)(F)C(F)(F)}
786.966286,[C17H6F27SO2]- {C(F)(F)C(F)(F)C(F)(F)C(F)(F)C(F)(F)C(F)(F)C(F)(F)C(F)(F)C(F)(F)C(F)(F)C(F)(F)C(F)(F)C(F)(F)CCSCC(=O)O}
787.9615354,[C16H5F27NO2S]- {C(F)(F)C(F)(F)C(F)(F)C(F)(F)C(F)(F)C(F)(F)C(F)(F)C(F)(F)C(F)(F)C(F)(F)C(F)(F)C(F)(F)C(F)(F)S(=O)(=O)N(C)CCC}
788.96936,[C16H6F27NO2S]- {S(=O)(=O)NCCCC(F)(F)C(F)(F)C(F)(F)C(F)(F)C(F)(F)C(F)(F)C(F)(F)C(F)(F)C(F)(F)C(F)(F)C(F)(F)C(F)(F)C(F)(F)}
792.9204812,[C15HF28SO3]- {OS(=O)(=O)C(F)(F)C(F)(F)C(F)(F)C(F)(F)C(F)(F)C(F)(F)C(F)(F)C(F)(F)C(F)(F)C(F)(F)C(F)(F)C(F)(F)C(F)(F)C(F)CF}
792.9710348,[C17H3F30O]- {COC(F)(F)C(F)(F)C(F)(F)C(F)(F)C(F)(F)C(F)(F)C(F)(F)C(F)(F)C(F)(F)C(F)(F)C(F)(F)C(F)(F)C(F)(F)\C(F)=C\C(F)(F)F}
796.9506368,[C18H4F27SO2]- {C(F)(F)C(F)(F)C(F)(F)C(F)(F)C(F)(F)C(F)(F)C(F)(F)C(F)(F)C(F)(F)C(F)(F)C(F)(F)C(F)(F)C(F)(F)C(F)(F)CCSCC(=O)O}
797.9270434,[C14HF29NO2S]- {C(F)(F)C(F)(F)C(F)(F)C(F)(F)C(F)(F)C(F)(F)C(F)(F)C(F)(F)C(F)(F)C(F)(F)C(F)(F)C(F)(F)C(F)(F)C(F)(F)S(=O)(=O)N}
798.9110598,[C14F29SO3]- {C(F)(F)C(F)(F)C(F)(F)C(F)(F)C(F)(F)C(F)(F)C(F)(F)C(F)(F)C(F)(F)C(F)(F)C(F)(F)C(F)(F)C(F)(F)C(F)(F)S(=O)(=O)O}
800.9819352,[C18H8O2SF27]- {C(F)(F)C(F)(F)C(F)(F)C(F)(F)C(F)(F)C(F)(F)C(F)(F)C(F)(F)C(F)(F)C(F)(F)C(F)(F)C(F)(F)C(F)(F)CCSCCC(=O)O}
802.0218284,[C19H17F21O5NS2]- {C(F)(F)C(F)(F)C(F)(F)C(F)(F)C(F)(F)C(F)(F)C(F)(F)C(F)(F)C(F)(F)C(F)(F)CCS(=O)CCC(=O)NC(CS(=O)(=O)O)(C)C}
802.9436604,[C19H4F25O4S] {OS(=O)(=O)c1ccc(O\C(=C(/C(F)(F)F)C(F)(F)C(F)(F)C(F)(F)C(F)(F)C(F)(F)C(F)(F)C(F)(F)C(F)(F)C(F)F)C(F)(F)F)cc1}
804.9406262,[C24H3F22SO4]- {[H]C(F)(F)CC(F)(F)CC(F)(F)CC(F)(F)CC(F)(F)CC(F)(F)CC(F)(F)CC(F)(F)CC(F)(F)CC(F)(F)CC(F)(F)CC(F)(F)CS(O)(=O)=O}
804.9510492,[C18F31]- {FC(C#C)=C(F)C(F)(F)C(F)(F)C(F)(F)C(F)(F)C(F)(F)C(F)(F)C(F)(F)C(F)(F)C(F)(F)C(F)(F)C(F)(F)C(F)(F)C(F)(F)C(F)(F)}
805.032727,[C18H18F21N2O5S2]- {C(F)(F)C(F)(F)C(F)(F)C(F)(F)C(F)(F)C(F)(F)C(F)(F)C(F)(F)C(F)(F)C(F)(F)S(=O)(=O)N(CCCS(=O)(=O)O)CCCN(C)C}
806.8831318,[C12F29S2O3]- {S(F)(F)(F)(F)(F)C(F)(F)C(F)(F)C(F)(F)C(F)(F)C(F)(F)C(F)(F)C(F)(F)C(F)(F)C(F)(F)C(F)(F)C(F)(F)C(F)(F)S(=O)(=O)O}
809.9716872,[C17H11F23NO5S2]- {CCCN(CCCS(O)(=O)=O)S(=O)(=O)C(F)(F)C(F)(F)C(F)(F)C(F)(F)C(F)(F)C(F)(F)C(F)(F)C(F)(F)C(F)(F)C(F)(F)C(F)(F)}
811.9426926,[C15H3F29NO2S]- {C(F)(F)C(F)(F)C(F)(F)C(F)(F)C(F)(F)C(F)(F)C(F)(F)C(F)(F)C(F)(F)C(F)(F)C(F)(F)C(F)(F)C(F)(F)C(F)(F)S(=O)(=O)NC}
811.9494524,[C17F32]- {F\C=C(\F)C(F)C(F)(F)C(F)(F)C(F)(F)C(F)(F)C(F)(F)C(F)(F)C(F)(F)C(F)(F)C(F)(F)C(F)(F)C(F)(F)C(F)(F)C(F)(F)C(F)(F)}
811.9494524,[C17F32]- {OS(=O)(=O)C(F)(F)C(F)(F)C(F)(F)C(F)(F)C(F)(F)C(F)(F)C(F)(F)C(F)(F)C(F)(F)C(F)(F)C(F)(F)C(F)(F)C(F)(F)C(F)(F)C(F)C(\F)=C(/F)}
812.926709,[C15H2F29SO3]- {C(F)(F)C(F)(F)C(F)(F)C(F)(F)C(F)(F)C(F)(F)C(F)(F)C(F)(F)C(F)(F)C(F)(F)C(F)(F)C(F)(F)C(F)(F)C(F)(F)CS(=O)(=O)O}
813.0331394,[C18H14F25N2O3S]- {N(C(CO)CCN(C)C)S(=O)(=O)C(F)(F)C(F)(F)C(F)(F)C(F)(F)C(F)(F)C(F)(F)C(F)(F)C(F)(F)C(F)(F)C(F)(F)C(F)(F)C(F)(F)}
814.9436604,[C20H4F25O4S]- {OS(=O)(=O)c1ccc(O\C(=C(/C(F)(F)F)C(F)(F)C(F)(F)C(F)(F)C(F)(F)C(F)(F)C(F)(F)C(F)(F)C(F)(F)C(F)(F)C(F)F)C(F)(F)F)cc1}
816.9510492,[C19F31]- {FC(C#C)=C=C(F)C(F)(F)C(F)(F)C(F)(F)C(F)(F)C(F)(F)C(F)(F)C(F)(F)C(F)(F)C(F)(F)C(F)(F)C(F)(F)C(F)(F)C(F)(F)C(F)(F)}
816.9568646,[C18H5F28SO2]- {C(F)(F)C(F)(F)C(F)(F)C(F)(F)C(F)(F)C(F)(F)C(F)(F)C(F)(F)C(F)(F)C(F)(F)C(F)(F)C(F)(F)C(F)(F)C(F)(F)CCSCC(=O)O}
816.9880832,[C17H8F27N2O2S]- {C(F)(F)C(F)(F)C(F)(F)C(F)(F)C(F)(F)C(F)(F)C(F)(F)C(F)(F)C(F)(F)C(F)(F)C(F)(F)C(F)(F)C(F)(F)S(=O)(=O)NCCCNC}
820.9459642,[C18F31O]- {OC(=O)C(F)(F)C(F)(F)C(F)(F)C(F)(F)C(F)(F)C(F)(F)C(F)(F)C(F)(F)C(F)(F)C(F)(F)C(F)(F)C(F)(F)C(F)(F)C(F)(F)\C(F)=C(/F)CF}
821.027642,[C18H18F21N2O6S2]- {CN(C)CCCN(CC(O)CS(O)(=O)=O)S(=O)(=O)C(F)(F)C(F)(F)C(F)(F)C(F)(F)C(F)(F)C(F)(F)C(F)(F)C(F)(F)C(F)(F)C(F)(F)}
824.926709,[C16H2F29SO3]- {C(F)(F)C(F)(F)C(F)(F)C(F)(F)C(F)(F)C(F)(F)C(F)(F)C(F)(F)C(F)(F)C(F)(F)C(F)(F)C(F)(F)C(F)(F)C(F)(F)CCS(=O)(=O)O}
824.946854,[C24H4F23SO4]- {[H]C(F)(F)CC(F)(F)CC(F)(F)CC(F)(F)CC(F)(F)CC(F)(F)CC(F)(F)CC(F)(F)CC(F)(F)CC(F)(F)CC(F)(F)CC(F)(F)CS(O)(=O)=O}
830.9478556,[C17F33]- {FC(F)C(F)(F)C(F)(F)C(F)(F)C(F)(F)C(F)(F)C(F)(F)C(F)(F)C(F)(F)C(F)(F)C(F)(F)C(F)(F)C(F)(F)C(F)(F)C(\F)=C(/F)C(F)(F)F}
832.9481918,[C19H3F30S]- {FC(=C=CC=CS)C(F)(F)C(F)(F)C(F)(F)C(F)(F)C(F)(F)C(F)(F)C(F)(F)C(F)(F)C(F)(F)C(F)(F)C(F)(F)C(F)(F)C(F)(F)C(F)(F)}
832.9717652,[C18H8F27O4S]- {C(F)(F)C(F)(F)C(F)(F)C(F)(F)C(F)(F)C(F)(F)C(F)(F)C(F)(F)C(F)(F)C(F)(F)C(F)(F)C(F)(F)C(F)(F)CCS(=O)(=O)CCC(=O)O}
833.0193816,[C18H12F27N2O2S]- {C(F)(F)C(F)(F)C(F)(F)C(F)(F)C(F)(F)C(F)(F)C(F)(F)C(F)(F)C(F)(F)C(F)(F)C(F)(F)C(F)(F)C(F)(F)S(=O)(=O)NCCCN(C)C}
833.9908228,[C17H9F27O3N2S]- {C(F)(F)C(F)(F)C(F)(F)C(F)(F)C(F)(F)C(F)(F)C(F)(F)C(F)(F)C(F)(F)C(F)(F)C(F)(F)C(F)(F)C(F)(F)S(=O)(=O)NCCCN(O)(C)C}
835.0432912,[C19H20F21N2O6S2]- {CN(C)CCC(CO)N(CCCS(O)(=O)=O)S(=O)(=O)C(F)(F)C(F)(F)C(F)(F)C(F)(F)C(F)(F)C(F)(F)C(F)(F)C(F)(F)C(F)(F)C(F)(F)}
836.0237198,[C20H17F23O4NS2]- {C(F)(F)C(F)(F)C(F)(F)C(F)(F)C(F)(F)C(F)(F)C(F)(F)C(F)(F)C(F)(F)C(F)(F)C(F)(F)CCSCCC(=O)NC(CS(=O)(=O)O)(C)C}
836.9630924,[C18H6F29SO2]- {C(F)(F)C(F)(F)C(F)(F)C(F)(F)C(F)(F)C(F)(F)C(F)(F)C(F)(F)C(F)(F)C(F)(F)C(F)(F)C(F)(F)C(F)(F)C(F)(F)CCSCC(=O)O}
837.9583418,[C17H5F29NO2S]- {C(F)(F)C(F)(F)C(F)(F)C(F)(F)C(F)(F)C(F)(F)C(F)(F)C(F)(F)C(F)(F)C(F)(F)C(F)(F)C(F)(F)C(F)(F)C(F)(F)S(=O)(=O)N(C)CCC}
838.9661664,[C17H6F29NO2S]- {S(=O)(=O)NCCCC(F)(F)C(F)(F)C(F)(F)C(F)(F)C(F)(F)C(F)(F)C(F)(F)C(F)(F)C(F)(F)C(F)(F)C(F)(F)C(F)(F)C(F)(F)C(F)(F)}
842.9172876,[C16HF30SO3]- {OS(=O)(=O)C(F)(F)C(F)(F)C(F)(F)C(F)(F)C(F)(F)C(F)(F)C(F)(F)C(F)(F)C(F)(F)C(F)(F)C(F)(F)C(F)(F)C(F)(F)C(F)(F)C(F)CF}
842.9678412,[C18H3F32O]- {COC(F)(F)C(F)(F)C(F)(F)C(F)(F)C(F)(F)C(F)(F)C(F)(F)C(F)(F)C(F)(F)C(F)(F)C(F)(F)C(F)(F)C(F)(F)C(F)(F)\C(F)=C\C(F)(F)F}
844.9530818,[C24H5F24O4S]- {[H]C(F)(F)CC(F)(F)CC(F)(F)CC(F)(F)CC(F)(F)CC(F)(F)CC(F)(F)CC(F)(F)CC(F)(F)CC(F)(F)CC(F)(F)CC(F)(F)CS(O)(=O)=O}
850.9787416,[C19H8O2SF29]- {C(F)(F)C(F)(F)C(F)(F)C(F)(F)C(F)(F)C(F)(F)C(F)(F)C(F)(F)C(F)(F)C(F)(F)C(F)(F)C(F)(F)C(F)(F)C(F)(F)CCSCCC(=O)O}
852.0186348,[C20H17F23O5NS2]- {C(F)(F)C(F)(F)C(F)(F)C(F)(F)C(F)(F)C(F)(F)C(F)(F)C(F)(F)C(F)(F)C(F)(F)C(F)(F)CCS(=O)CCC(=O)NC(CS(=O)(=O)O)(C)C}
852.9404668,[C20H4F27O4S] {OS(=O)(=O)c1ccc(O\C(=C(/C(F)(F)F)C(F)(F)C(F)(F)C(F)(F)C(F)(F)C(F)(F)C(F)(F)C(F)(F)C(F)(F)C(F)(F)C(F)F)C(F)(F)F)cc1}
855.0295334,[C19H18F23N2O5S2]- {C(F)(F)C(F)(F)C(F)(F)C(F)(F)C(F)(F)C(F)(F)C(F)(F)C(F)(F)C(F)(F)C(F)(F)C(F)(F)S(=O)(=O)N(CCCS(=O)(=O)O)CCCN(C)C}
856.8799382,[C13F31S2O3]- {S(F)(F)(F)(F)(F)C(F)(F)C(F)(F)C(F)(F)C(F)(F)C(F)(F)C(F)(F)C(F)(F)C(F)(F)C(F)(F)C(F)(F)C(F)(F)C(F)(F)C(F)(F)S(=O)(=O)O}
859.9684936,[C18H11F25NO5S2]- {CCCN(CCCS(O)(=O)=O)S(=O)(=O)C(F)(F)C(F)(F)C(F)(F)C(F)(F)C(F)(F)C(F)(F)C(F)(F)C(F)(F)C(F)(F)C(F)(F)C(F)(F)C(F)(F)}
863.0299458,[C19H14F27N2O3S]- {N(C(CO)CCN(C)C)S(=O)(=O)C(F)(F)C(F)(F)C(F)(F)C(F)(F)C(F)(F)C(F)(F)C(F)(F)C(F)(F)C(F)(F)C(F)(F)C(F)(F)C(F)(F)C(F)(F)}
864.9404668,[C21H4F27O4S]- {OS(=O)(=O)c1ccc(O\C(=C(/C(F)(F)F)C(F)(F)C(F)(F)C(F)(F)C(F)(F)C(F)(F)C(F)(F)C(F)(F)C(F)(F)C(F)(F)C(F)(F)C(F)F)C(F)(F)F)cc1}
866.9374326,[C26H3F24SO4]- {[H]C(F)(F)CC(F)(F)CC(F)(F)CC(F)(F)CC(F)(F)CC(F)(F)CC(F)(F)CC(F)(F)CC(F)(F)CC(F)(F)CC(F)(F)CC(F)(F)CC(F)(F)CS(O)(=O)=O}
866.9848896,[C18H8F29N2O2S]- {C(F)(F)C(F)(F)C(F)(F)C(F)(F)C(F)(F)C(F)(F)C(F)(F)C(F)(F)C(F)(F)C(F)(F)C(F)(F)C(F)(F)C(F)(F)C(F)(F)S(=O)(=O)NCCCNC}
871.0244484,[C19H18F23N2O6S2]- {CN(C)CCCN(CC(O)CS(O)(=O)=O)S(=O)(=O)C(F)(F)C(F)(F)C(F)(F)C(F)(F)C(F)(F)C(F)(F)C(F)(F)C(F)(F)C(F)(F)C(F)(F)C(F)(F)}
882.9685716,[C19H8F29O4S]- {C(F)(F)C(F)(F)C(F)(F)C(F)(F)C(F)(F)C(F)(F)C(F)(F)C(F)(F)C(F)(F)C(F)(F)C(F)(F)C(F)(F)C(F)(F)CCS(=O)(=O)CCC(=O)O}
883.016188,[C19H12F29N2O2S]- {C(F)(F)C(F)(F)C(F)(F)C(F)(F)C(F)(F)C(F)(F)C(F)(F)C(F)(F)C(F)(F)C(F)(F)C(F)(F)C(F)(F)C(F)(F)C(F)(F)S(=O)(=O)NCCCN(C)C}
883.9876292,[C18H9F29O3N2S]- {C(F)(F)C(F)(F)C(F)(F)C(F)(F)C(F)(F)C(F)(F)C(F)(F)C(F)(F)C(F)(F)C(F)(F)C(F)(F)C(F)(F)C(F)(F)C(F)(F)S(=O)(=O)NCCCN(O)(C)C}
885.0400976,[C20H20F23N2O6S2]- {CN(C)CCC(CO)N(CCCS(O)(=O)=O)S(=O)(=O)C(F)(F)C(F)(F)C(F)(F)C(F)(F)C(F)(F)C(F)(F)C(F)(F)C(F)(F)C(F)(F)C(F)(F)C(F)(F)}
886.0205262,[C21H17F25O4NS2]- {C(F)(F)C(F)(F)C(F)(F)C(F)(F)C(F)(F)C(F)(F)C(F)(F)C(F)(F)C(F)(F)C(F)(F)C(F)(F)C(F)(F)CCSCCC(=O)NC(CS(=O)(=O)O)(C)C}
886.9436604,[C26H4F25SO4]- {[H]C(F)(F)CC(F)(F)CC(F)(F)CC(F)(F)CC(F)(F)CC(F)(F)CC(F)(F)CC(F)(F)CC(F)(F)CC(F)(F)CC(F)(F)CC(F)(F)CC(F)(F)CS(O)(=O)=O}
902.0154412,[C21H17F25O5NS2]- {C(F)(F)C(F)(F)C(F)(F)C(F)(F)C(F)(F)C(F)(F)C(F)(F)C(F)(F)C(F)(F)C(F)(F)C(F)(F)C(F)(F)CCS(=O)CCC(=O)NC(CS(=O)(=O)O)(C)C}
902.9372732,[C21H4F29O4S] {OS(=O)(=O)c1ccc(O\C(=C(/C(F)(F)F)C(F)(F)C(F)(F)C(F)(F)C(F)(F)C(F)(F)C(F)(F)C(F)(F)C(F)(F)C(F)(F)C(F)(F)C(F)F)C(F)(F)F)cc1}
905.0263398,[C20H18F25N2O5S2]- {C(F)(F)C(F)(F)C(F)(F)C(F)(F)C(F)(F)C(F)(F)C(F)(F)C(F)(F)C(F)(F)C(F)(F)C(F)(F)C(F)(F)S(=O)(=O)N(CCCS(=O)(=O)O)CCCN(C)C}
906.8767446,[C14F33S2O3]- {S(F)(F)(F)(F)(F)C(F)(F)C(F)(F)C(F)(F)C(F)(F)C(F)(F)C(F)(F)C(F)(F)C(F)(F)C(F)(F)C(F)(F)C(F)(F)C(F)(F)C(F)(F)C(F)(F)S(=O)(=O)O}
906.9498882,[C26H5F26O4S]- {[H]C(F)(F)CC(F)(F)CC(F)(F)CC(F)(F)CC(F)(F)CC(F)(F)CC(F)(F)CC(F)(F)CC(F)(F)CC(F)(F)CC(F)(F)CC(F)(F)CC(F)(F)CS(O)(=O)=O}
909.9653,[C19H11F27NO5S2]- {CCCN(CCCS(O)(=O)=O)S(=O)(=O)C(F)(F)C(F)(F)C(F)(F)C(F)(F)C(F)(F)C(F)(F)C(F)(F)C(F)(F)C(F)(F)C(F)(F)C(F)(F)C(F)(F)C(F)(F)}
913.0267522,[C20H14F29N2O3S]- {N(C(CO)CCN(C)C)S(=O)(=O)C(F)(F)C(F)(F)C(F)(F)C(F)(F)C(F)(F)C(F)(F)C(F)(F)C(F)(F)C(F)(F)C(F)(F)C(F)(F)C(F)(F)C(F)(F)C(F)(F)}
914.9372732,[C22H4F29O4S]- {OS(=O)(=O)c1ccc(O\C(=C(/C(F)(F)F)C(F)(F)C(F)(F)C(F)(F)C(F)(F)C(F)(F)C(F)(F)C(F)(F)C(F)(F)C(F)(F)C(F)(F)C(F)(F)C(F)F)C(F)(F)F)cc1}
921.0212548,[C20H18F25N2O6S2]- {CN(C)CCCN(CC(O)CS(O)(=O)=O)S(=O)(=O)C(F)(F)C(F)(F)C(F)(F)C(F)(F)C(F)(F)C(F)(F)C(F)(F)C(F)(F)C(F)(F)C(F)(F)C(F)(F)C(F)(F)}
928.934239,[C28H3F26SO4]- {[H]C(F)(F)CC(F)(F)CC(F)(F)CC(F)(F)CC(F)(F)CC(F)(F)CC(F)(F)CC(F)(F)CC(F)(F)CC(F)(F)CC(F)(F)CC(F)(F)CC(F)(F)CC(F)(F)CS(O)(=O)=O}
935.036904,[C21H20F25N2O6S2]- {CN(C)CCC(CO)N(CCCS(O)(=O)=O)S(=O)(=O)C(F)(F)C(F)(F)C(F)(F)C(F)(F)C(F)(F)C(F)(F)C(F)(F)C(F)(F)C(F)(F)C(F)(F)C(F)(F)C(F)(F)}
936.0173326,[C22H17F27O4NS2]- {C(F)(F)C(F)(F)C(F)(F)C(F)(F)C(F)(F)C(F)(F)C(F)(F)C(F)(F)C(F)(F)C(F)(F)C(F)(F)C(F)(F)C(F)(F)CCSCCC(=O)NC(CS(=O)(=O)O)(C)C}
948.9404668,[C28H4F27SO4]- {[H]C(F)(F)CC(F)(F)CC(F)(F)CC(F)(F)CC(F)(F)CC(F)(F)CC(F)(F)CC(F)(F)CC(F)(F)CC(F)(F)CC(F)(F)CC(F)(F)CC(F)(F)CC(F)(F)CS(O)(=O)=O}
952.0122476,[C22H17F27O5NS2]- {C(F)(F)C(F)(F)C(F)(F)C(F)(F)C(F)(F)C(F)(F)C(F)(F)C(F)(F)C(F)(F)C(F)(F)C(F)(F)C(F)(F)C(F)(F)CCS(=O)CCC(=O)NC(CS(=O)(=O)O)(C)C}
952.9340796,[C22H4F31O4S] {OS(=O)(=O)c1ccc(O\C(=C(/C(F)(F)F)C(F)(F)C(F)(F)C(F)(F)C(F)(F)C(F)(F)C(F)(F)C(F)(F)C(F)(F)C(F)(F)C(F)(F)C(F)(F)C(F)F)C(F)(F)F)cc1}
955.0231462,[C21H18F27N2O5S2]- {C(F)(F)C(F)(F)C(F)(F)C(F)(F)C(F)(F)C(F)(F)C(F)(F)C(F)(F)C(F)(F)C(F)(F)C(F)(F)C(F)(F)C(F)(F)S(=O)(=O)N(CCCS(=O)(=O)O)CCCN(C)C}
959.9621064,[C20H11F29NO5S2]- {CCCN(CCCS(O)(=O)=O)S(=O)(=O)C(F)(F)C(F)(F)C(F)(F)C(F)(F)C(F)(F)C(F)(F)C(F)(F)C(F)(F)C(F)(F)C(F)(F)C(F)(F)C(F)(F)C(F)(F)C(F)(F)}
964.9340796,[C23H4F31O4S]- {OS(=O)(=O)c1ccc(O\C(=C(/C(F)(F)F)C(F)(F)C(F)(F)C(F)(F)C(F)(F)C(F)(F)C(F)(F)C(F)(F)C(F)(F)C(F)(F)C(F)(F)C(F)(F)C(F)(F)C(F)F)C(F)(F)F)cc1}
968.9466946,[C28H5F28O4S]- {[H]C(F)(F)CC(F)(F)CC(F)(F)CC(F)(F)CC(F)(F)CC(F)(F)CC(F)(F)CC(F)(F)CC(F)(F)CC(F)(F)CC(F)(F)CC(F)(F)CC(F)(F)CC(F)(F)CS(O)(=O)=O}
971.0180612,[C21H18F27N2O6S2]- {CN(C)CCCN(CC(O)CS(O)(=O)=O)S(=O)(=O)C(F)(F)C(F)(F)C(F)(F)C(F)(F)C(F)(F)C(F)(F)C(F)(F)C(F)(F)C(F)(F)C(F)(F)C(F)(F)C(F)(F)C(F)(F)}
985.0337104,[C22H20F27N2O6S2]- {CN(C)CCC(CO)N(CCCS(O)(=O)=O)S(=O)(=O)C(F)(F)C(F)(F)C(F)(F)C(F)(F)C(F)(F)C(F)(F)C(F)(F)C(F)(F)C(F)(F)C(F)(F)C(F)(F)C(F)(F)C(F)(F)}
986.014139,[C23H17F29O4NS2]- {C(F)(F)C(F)(F)C(F)(F)C(F)(F)C(F)(F)C(F)(F)C(F)(F)C(F)(F)C(F)(F)C(F)(F)C(F)(F)C(F)(F)C(F)(F)CCSCCC(=O)NC(CS(=O)(=O)O)(C)C}
1002.009054,[C23H17F29O5NS2]- {C(F)(F)C(F)(F)C(F)(F)C(F)(F)C(F)(F)C(F)(F)C(F)(F)C(F)(F)C(F)(F)C(F)(F)C(F)(F)C(F)(F)C(F)(F)C(F)(F)CCS(=O)CCC(=O)NC(CS(=O)(=O)O)(C)C}
1002.930886,[C23H4F33O4S] {OS(=O)(=O)c1ccc(O\C(=C(/C(F)(F)F)C(F)(F)C(F)(F)C(F)(F)C(F)(F)C(F)(F)C(F)(F)C(F)(F)C(F)(F)C(F)(F)C(F)(F)C(F)(F)C(F)(F)C(F)F)C(F)(F)F)cc1}
1005.019953,[C22H18F29N2O5S2]- {C(F)(F)C(F)(F)C(F)(F)C(F)(F)C(F)(F)C(F)(F)C(F)(F)C(F)(F)C(F)(F)C(F)(F)C(F)(F)C(F)(F)C(F)(F)C(F)(F)S(=O)(=O)N(CCCS(=O)(=O)O)CCCN(C)C}
1014.930886,[C24H4F33O4S]- {OS(=O)(=O)c1ccc(O\C(=C(/C(F)(F)F)C(F)(F)C(F)(F)C(F)(F)C(F)(F)C(F)(F)C(F)(F)C(F)(F)C(F)(F)C(F)(F)C(F)(F)C(F)(F)C(F)(F)C(F)(F)C(F)F)C(F)(F)F)cc1}
1021.014868,[C22H18F29N2O6S2]- {CN(C)CCCN(CC(O)CS(O)(=O)=O)S(=O)(=O)C(F)(F)C(F)(F)C(F)(F)C(F)(F)C(F)(F)C(F)(F)C(F)(F)C(F)(F)C(F)(F)C(F)(F)C(F)(F)C(F)(F)C(F)(F)C(F)(F)}
1035.030517,[C23H20F29N2O6S2]- {CN(C)CCC(CO)N(CCCS(O)(=O)=O)S(=O)(=O)C(F)(F)C(F)(F)C(F)(F)C(F)(F)C(F)(F)C(F)(F)C(F)(F)C(F)(F)C(F)(F)C(F)(F)C(F)(F)C(F)(F)C(F)(F)C(F)(F)}
1052.927692,[C24H4F35O4S] {OS(=O)(=O)c1ccc(O\C(=C(/C(F)(F)F)C(F)(F)C(F)(F)C(F)(F)C(F)(F)C(F)(F)C(F)(F)C(F)(F)C(F)(F)C(F)(F)C(F)(F)C(F)(F)C(F)(F)C(F)(F)C(F)F)C(F)(F)F)cc1}
